,Predicciones,host_response_rate,price,host_acceptance_rate,room_type,accommodates,availability_30,availability_365,availability_60,availability_90,bedrooms,beds,calculated_host_listings_count,calculated_host_listings_count_entire_homes,calculated_host_listings_count_private_rooms,calculated_host_listings_count_shared_rooms,calendar_updated,latitude,longitude,maximum_maximum_nights,maximum_minimum_nights,maximum_nights,maximum_nights_avg_ntm,minimum_maximum_nights,minimum_minimum_nights,minimum_nights,minimum_nights_avg_ntm,number_of_reviews,number_of_reviews_l30d,number_of_reviews_ltm,review_scores_accuracy,review_scores_checkin,review_scores_cleanliness,review_scores_communication,review_scores_location,review_scores_rating,review_scores_value,reviews_per_month
174,38.268406265327705,50.0,1815.0,0.0,,2.0,30,365,60.0,90.0,1.0,1.0,1,0.0,0,1,,19.44614,-99.15868,1125.0,1.0,1125,1125.0,1125.0,1.0,1.0,1.0,0.0,0.0,0.0,4.89,4.89,4.67,5.0,4.78,5.0,4.89,0.1
437,83.39949156933638,50.0,182.0,86.0,,2.0,11,346,41.0,71.0,1.0,3.0,2,0.0,0,2,,19.32944,-99.16091,1125.0,2.0,1125,1125.0,1125.0,1.0,1.0,1.3,9.0,0.0,5.0,4.89,4.89,4.67,5.0,4.78,5.0,4.89,0.1
443,90.74641243277964,90.0,450.0,100.0,,2.2,1,302,55.8,27.0,1.0,12.0,1,0.0,0,1,,19.44329,-99.10947,1125.0,1.0,1125,1125.0,1125.0,1.0,1.0,1.0,6.3,1.0,17.0,4.83,4.94,4.93,4.91,4.68,4.83,4.93,0.73
472,88.64729218608156,100.0,272.0,96.0,,2.2,26,354,56.0,86.0,1.0,2.0,2,0.0,1,1,,19.43883,-99.15283,1125.0,2.0,1125,1125.0,1125.0,2.0,2.0,2.0,25.0,0.0,3.0,4.8,4.68,4.48,4.72,4.8,4.4,4.6,0.26
499,90.74641243277964,100.0,320.0,100.0,,2.0,16,351,46.0,76.0,1.0,1.0,2,0.0,1,1,,19.35409,-99.1566,1125.0,2.0,30,1125.0,1125.0,2.0,2.0,2.0,6.3,1.0,4.0,4.7,4.86,4.62,4.9,4.9,4.58,4.57,1.47
515,38.268406265327705,33.0,200.0,0.0,,1.0,28,363,58.0,88.0,1.0,1.0,1,0.0,0,1,,19.42006,-99.15327,1125.0,1.0,1125,1125.0,1125.0,1.0,1.0,1.0,0.0,0.0,0.0,4.0,5.0,5.0,5.0,4.0,5.0,5.0,0.01
579,72.90389033584599,95.0,5030.0,66.0,,2.2,30,365,60.0,90.0,1.0,2.0,19,2.0,11,2,,19.42884,-99.13573,1125.0,1.0,1125,1125.0,1125.0,1.0,1.0,1.0,0.0,0.0,0.0,4.0,5.0,5.0,5.0,4.0,5.0,5.0,0.01
615,83.39949156933638,50.0,182.0,86.0,,2.0,12,347,42.0,72.0,1.0,3.0,2,0.0,0,2,,19.33435,-99.16144,1125.0,2.0,1125,1125.0,1125.0,2.0,2.0,2.0,1.0,0.0,0.0,4.0,5.0,5.0,5.0,4.0,5.0,5.0,0.01
663,87.07295200105801,90.0,246.0,93.0,,2.2,26,361,56.0,86.0,1.0,8.0,1,0.0,0,1,,19.42818,-99.16122,1125.0,1.0,1125,1125.0,1125.0,1.0,1.0,1.0,6.3,3.0,3.3,4.65,4.75,4.51,4.7,4.86,4.58,4.59,1.17
1166,38.268406265327705,0.0,3800.0,0.0,,2.0,30,365,60.0,90.0,1.0,2.0,1,0.0,0,1,,19.40665,-99.15955,34.0,4.0,34,34.0,34.0,4.0,4.0,4.0,0.0,0.0,0.0,4.5,4.5,4.5,4.5,5.0,4.5,5.0,0.02
1243,38.268406265327705,0.0,222.0,0.0,,2.0,29,89,59.0,89.0,1.0,1.0,1,0.0,0,1,,19.37201,-99.2,1125.0,1.0,1125,1125.0,1125.0,1.0,1.0,1.0,2.0,0.0,0.0,4.5,4.5,4.5,4.5,5.0,4.5,5.0,0.02
1384,86.5481719393835,100.0,799.0,92.0,,2.0,21,351,46.0,76.0,1.0,2.0,17,0.0,15,2,,19.36783,-99.2,1124.0,1.0,1124,1124.0,1124.0,1.0,1.0,1.0,16.0,0.0,0.0,5.0,4.75,4.69,4.88,4.94,4.75,4.88,0.22
1408,86.5481719393835,100.0,799.0,92.0,,4.0,20,355,50.0,80.0,1.0,2.0,17,0.0,15,2,,19.36686,-99.2,1125.0,1.0,1125,1125.0,1125.0,1.0,1.0,1.0,12.0,0.0,0.0,4.83,4.92,4.92,4.92,4.92,4.67,4.75,0.17
1435,72.90389033584599,95.0,3201.0,66.0,,2.2,28,363,58.0,88.0,1.0,2.0,19,2.0,11,2,,19.42889,-99.13582,1125.0,1.0,1125,1125.0,1125.0,1.0,1.0,1.0,0.0,0.0,0.0,4.58,4.82,4.79,4.78,4.67,4.52,4.61,0.67
1535,38.268406265327705,0.0,584.7,0.0,,3.0,30,365,60.0,90.0,1.0,1.0,1,0.0,0,1,,19.33251,-99.23823,1125.0,1.0,1125,1125.0,1125.0,1.0,1.0,1.0,0.0,0.0,0.0,4.58,4.82,4.79,4.78,4.67,4.52,4.61,0.67
1781,38.268406265327705,0.0,396.0,0.0,,1.0,30,90,60.0,90.0,1.0,4.0,1,0.0,0,1,,19.32671,-99.13942,30.0,1.0,30,30.0,30.0,1.0,1.0,1.0,0.0,0.0,0.0,4.58,4.82,4.79,4.78,4.67,4.52,4.61,0.67
1792,81.3003713226383,100.0,250.0,82.0,,1.0,30,90,60.0,90.0,1.0,7.0,2,0.0,0,2,,19.39701,-99.06568,7.0,1.0,7,7.0,7.0,1.0,1.0,1.0,52.0,0.0,3.0,4.58,4.82,4.79,4.78,4.67,4.52,4.61,0.67
1802,81.3003713226383,100.0,250.0,82.0,,1.0,28,88,58.0,88.0,1.0,7.0,2,0.0,0,2,,19.39872,-99.06529,7.0,1.0,7,7.0,7.0,1.0,1.0,1.0,4.0,0.0,2.0,4.0,4.67,4.33,4.33,3.33,4.33,4.33,0.05
2254,55.58614830058684,100.0,350.0,33.0,,1.0,29,364,59.0,89.0,1.0,1.0,1,0.0,0,1,,19.46031,-99.14565,30.0,1.0,30,30.0,30.0,1.0,1.0,1.0,0.0,0.0,0.0,4.17,4.17,4.83,4.5,4.67,4.33,4.17,0.71
2314,87.59773206273253,100.0,196.0,94.0,,1.0,0,332,27.0,57.0,1.0,1.0,2,0.0,0,2,,19.31766,-99.16544,365.0,1.0,365,365.0,365.0,1.0,1.0,1.0,6.0,0.0,6.0,4.17,4.17,4.83,4.5,4.67,4.33,4.17,0.71
2335,64.50740934905367,100.0,363.0,50.0,,1.0,0,0,55.8,84.0,1.0,1.0,2,0.0,1,1,,19.31947,-99.14869,1125.0,1.0,1125,1125.0,1125.0,1.0,1.0,1.0,0.0,0.0,0.0,4.65,4.96,4.7,4.87,4.87,4.43,4.61,0.35
2336,87.59773206273253,100.0,203.0,94.0,,1.0,0,147,28.0,58.0,1.0,1.0,2,0.0,0,2,,19.32172,-99.16194,1125.0,1.0,1125,1125.0,1125.0,1.0,1.0,1.0,23.0,2.0,6.0,4.65,4.96,4.7,4.87,4.87,4.43,4.61,0.35
2502,79.20125107594022,100.0,1906.0,78.0,,2.0,0,0,55.8,84.0,1.0,2.0,1,0.0,0,1,,19.3971,-99.10629,1125.0,2.0,1125,1125.0,1125.0,2.0,2.0,2.0,16.0,0.0,3.0,5.0,5.0,5.0,4.94,4.75,4.88,4.94,0.25
2535,38.268406265327705,0.0,584.7,0.0,,2.0,30,365,60.0,90.0,1.0,1.0,1,0.0,0,1,,19.36154,-99.15249,1125.0,1.0,1125,1125.0,1125.0,1.0,1.0,1.0,0.0,0.0,0.0,5.0,5.0,5.0,5.0,5.0,5.0,5.0,0.02
2602,38.268406265327705,0.0,329.0,0.0,,8.0,30,365,60.0,90.0,1.0,7.0,1,0.0,0,1,,19.30091,-99.15932,365.0,30.0,365,365.0,365.0,2.0,30.0,22.0,1.0,0.0,0.0,5.0,5.0,5.0,5.0,5.0,5.0,5.0,0.02
2617,73.4286703975205,0.0,226.0,67.0,,2.0,30,365,60.0,90.0,1.0,2.0,2,0.0,0,2,,19.28528,-99.22093,1125.0,120.0,1125,1125.0,1125.0,120.0,120.0,120.0,0.0,0.0,0.0,4.5,4.0,3.0,5.0,3.0,4.0,4.5,0.03
2741,73.4286703975205,100.0,500.0,67.0,,2.0,28,88,58.0,88.0,1.0,1.0,1,0.0,0,1,,19.33113,-99.14989,1125.0,4.0,1125,1125.0,1125.0,4.0,4.0,4.0,2.0,0.0,1.0,4.5,4.0,3.0,5.0,3.0,4.0,4.5,0.03
2752,90.74641243277964,100.0,730.0,100.0,,4.0,0,333,28.0,58.0,1.0,2.0,2,1.0,0,1,,19.44147,-99.16485,1125.0,2.0,100,1125.0,1125.0,2.0,2.0,2.0,6.3,1.0,4.0,4.88,4.97,4.74,4.92,4.84,4.87,4.8,1.72
3040,38.268406265327705,90.0,300.0,0.0,,2.0,29,364,59.0,89.0,1.0,1.0,1,0.0,0,1,,19.44359,-99.16647,6.0,2.0,6,6.0,6.0,2.0,2.0,2.0,1.0,0.0,0.0,5.0,5.0,5.0,5.0,5.0,5.0,5.0,0.02
3110,90.74641243277964,90.0,250.0,100.0,,2.0,0,26,55.8,26.0,1.0,1.0,2,0.0,1,1,,19.4118,-99.14451,1125.0,1.0,15,1125.0,1125.0,1.0,1.0,1.0,28.0,0.0,0.0,4.89,4.96,4.32,5.0,4.86,4.79,4.75,0.42
3119,38.268406265327705,13.0,270.0,0.0,,1.0,27,87,57.0,87.0,1.0,1.0,1,0.0,0,1,,19.41116,-99.12539,1125.0,1.0,1125,1125.0,1125.0,1.0,1.0,1.0,1.0,0.0,0.0,4.75,5.0,4.75,4.5,5.0,4.5,4.92,0.02
3120,90.74641243277964,13.0,450.0,100.0,,2.0,30,180,60.0,90.0,1.0,1.0,1,0.0,0,1,,19.40102,-99.17654,1125.0,14.0,1125,1125.0,1125.0,14.0,14.0,14.0,13.0,0.0,0.0,4.75,5.0,4.75,4.5,5.0,4.75,4.92,0.2
3145,39.842746450351264,13.0,200.0,3.0,,1.0,30,365,60.0,90.0,1.0,1.0,1,0.0,0,1,,19.28482,-99.14765,7.0,5.0,7,7.0,7.0,3.0,5.0,4.4,1.0,0.0,0.0,4.6,4.7,4.5,4.7,4.7,4.5,4.6,0.02
3246,39.842746450351264,13.0,350.0,3.0,,1.0,28,363,58.0,88.0,1.0,1.0,6,0.0,5,1,,19.40829,-99.10902,1125.0,2.0,1125,1125.0,1125.0,2.0,2.0,2.0,7.0,0.0,1.0,4.86,5.0,4.86,4.86,5.0,4.71,4.71,0.11
3299,74.47823052086954,0.0,192.0,69.0,,1.0,30,365,60.0,90.0,1.0,1.0,1,0.0,0,1,,19.44445,-99.17778,10.0,10.0,10,10.0,10.0,10.0,10.0,10.0,0.0,0.0,0.0,4.38,4.63,4.88,4.88,4.63,4.88,4.88,0.15
3930,74.47823052086954,0.0,300.0,69.0,,4.0,30,90,60.0,90.0,1.0,1.0,1,0.0,0,1,,19.26477,-99.2006,18.0,2.0,18,18.0,18.0,2.0,2.0,2.0,0.0,0.0,0.0,4.38,4.63,4.88,4.88,4.63,4.88,4.88,0.15
3939,74.47823052086954,60.0,413.0,69.0,,1.0,28,363,58.0,88.0,1.0,1.0,6,0.0,2,4,,19.44803,-99.18615,60.0,1.0,60,60.0,60.0,1.0,1.0,1.0,8.0,0.0,0.0,4.38,4.63,4.88,4.88,4.63,4.88,4.88,0.15
4059,38.268406265327705,100.0,200.0,0.0,,2.0,25,172,52.0,82.0,1.0,1.0,1,0.0,0,1,,19.44979,-99.13706,7.0,3.0,7,7.0,7.0,3.0,3.0,3.0,1.0,0.0,0.0,5.0,5.0,5.0,5.0,5.0,5.0,5.0,0.02
4073,90.74641243277964,50.0,350.0,100.0,,1.0,30,365,60.0,90.0,1.0,1.0,2,0.0,1,1,,19.26262,-99.17713,20.0,3.0,20,20.0,20.0,3.0,3.0,3.0,0.0,0.0,0.0,4.6,4.7,4.5,4.7,4.7,4.5,4.6,0.1
4092,90.74641243277964,50.0,219.0,100.0,,2.0,30,365,60.0,90.0,1.0,1.0,1,0.0,0,1,,19.34271,-99.06489,1125.0,1.0,1125,1125.0,1125.0,1.0,1.0,1.0,1.0,0.0,1.0,4.6,4.7,4.5,4.7,4.7,4.5,4.6,0.1
4336,90.74641243277964,0.0,1300.0,100.0,,3.0,30,365,60.0,90.0,1.0,1.0,1,0.0,0,1,,19.32502,-99.2,7.0,1.0,7,7.0,7.0,1.0,1.0,1.0,0.0,0.0,0.0,2.33,2.33,2.33,2.33,2.33,2.33,2.33,0.06
4512,90.74641243277964,0.0,6529.0,100.0,,2.0,30,90,60.0,90.0,1.0,1.0,1,0.0,0,1,,19.42141,-99.1161,15.0,1.0,15,15.0,15.0,1.0,1.0,1.0,0.0,0.0,0.0,2.33,2.33,2.33,2.33,2.33,2.33,2.33,0.06
4638,90.74641243277964,60.0,600.0,100.0,,1.0,30,365,60.0,90.0,1.0,1.0,1,0.0,0,1,,19.30564,-99.2,6.0,1.0,6,6.0,6.0,1.0,1.0,1.0,0.0,0.0,0.0,2.33,2.33,2.33,2.33,2.33,2.33,2.33,0.06
4855,90.74641243277964,60.0,1300.0,100.0,,2.0,30,365,60.0,90.0,1.0,1.0,1,0.0,0,1,,19.41657,-99.15377,30.0,1.0,30,30.0,30.0,1.0,1.0,1.0,3.0,0.0,1.0,2.33,2.33,2.33,2.33,2.33,2.33,2.33,0.06
5072,74.47823052086954,60.0,413.0,69.0,,1.0,30,365,60.0,90.0,1.0,1.0,6,0.0,2,4,,19.44809,-99.18555,60.0,1.0,60,60.0,60.0,1.0,1.0,1.0,12.0,0.0,4.0,4.67,4.5,4.67,4.58,4.67,4.67,4.67,0.22
5152,90.74641243277964,100.0,110.0,100.0,,1.0,30,365,60.0,90.0,1.0,1.0,9,0.0,1,8,,19.40444,-99.16269,1125.0,1.0,180,1125.0,1125.0,1.0,1.0,1.0,22.0,0.0,9.0,4.09,4.64,3.82,4.59,4.59,4.0,3.95,0.45
5191,90.74641243277964,80.0,700.0,100.0,,2.0,29,364,59.0,89.0,1.0,1.0,2,0.0,1,1,,19.44713,-99.21094,1125.0,2.0,1125,1125.0,1125.0,2.0,2.0,2.0,1.0,0.0,1.0,4.6,4.7,4.5,4.7,2.0,4.5,4.6,0.16
5220,83.39949156933638,80.0,450.0,86.0,,2.0,0,0,55.8,84.0,1.0,1.0,1,0.0,0,1,,19.34279,-99.17109,1125.0,1.0,1125,1125.0,1125.0,1.0,1.0,1.0,2.0,0.0,1.0,3.0,5.0,5.0,5.0,5.0,5.0,5.0,0.05
5238,90.74641243277964,29.0,500.0,100.0,,1.0,30,365,60.0,90.0,1.0,1.0,1,0.0,0,1,,19.36731,-99.20276,1125.0,1.0,1125,1125.0,1125.0,1.0,1.0,1.0,1.0,0.0,1.0,4.6,4.7,4.5,4.7,4.7,4.5,4.6,0.16
5709,38.268406265327705,29.0,191.0,0.0,,1.0,29,179,59.0,89.0,1.0,1.0,2,0.0,1,1,,19.28085,-99.05478,1125.0,1.0,1125,1125.0,1125.0,1.0,1.0,1.0,4.0,0.0,0.0,3.75,3.5,2.75,4.0,3.5,3.5,3.0,0.09
5727,90.74641243277964,100.0,330.0,100.0,,7.0,29,179,59.0,89.0,1.0,2.0,6,0.0,0,6,,19.44989,-99.16035,1125.0,2.0,1125,1125.0,1125.0,2.0,2.0,2.0,8.0,0.0,0.0,4.88,5.0,4.75,5.0,5.0,4.75,4.38,0.16
5748,90.74641243277964,100.0,650.0,100.0,,3.0,26,357,52.0,82.0,1.0,3.0,5,1.0,3,1,,19.44977,-99.15633,1125.0,2.0,1125,1125.0,1125.0,2.0,2.0,2.0,5.0,0.0,0.0,5.0,5.0,5.0,5.0,5.0,5.0,4.8,0.1
5841,90.74641243277964,100.0,330.0,100.0,,7.0,29,364,59.0,89.0,1.0,2.0,6,0.0,0,6,,19.44828,-99.16225,1125.0,2.0,1125,1125.0,1125.0,2.0,2.0,2.0,3.0,0.0,0.0,4.67,4.67,4.67,4.67,5.0,4.67,4.67,0.06
5864,55.58614830058684,100.0,1000.0,33.0,,1.0,0,0,55.8,84.0,1.0,1.0,1,0.0,0,1,,19.3598,-99.15468,1125.0,1.0,1125,1125.0,1125.0,1.0,1.0,1.0,1.0,0.0,0.0,4.6,4.7,4.0,4.7,4.0,2.0,4.6,0.02
5935,90.74641243277964,100.0,321.0,100.0,,7.0,30,180,60.0,90.0,1.0,2.0,6,0.0,0,6,,19.45009,-99.16198,1125.0,2.0,1125,1125.0,1125.0,2.0,2.0,2.0,19.0,0.0,5.0,5.0,5.0,4.84,4.95,4.95,4.89,4.95,0.38
5996,90.74641243277964,100.0,250.0,100.0,,1.0,17,351,47.0,77.0,1.0,1.0,1,0.0,0,1,,19.38345,-99.2001,365.0,1.0,365,365.0,365.0,1.0,1.0,1.0,5.0,0.0,3.0,4.8,4.6,4.8,4.6,4.6,4.2,4.6,0.39
6008,90.74641243277964,100.0,330.0,100.0,,7.0,29,364,59.0,89.0,1.0,2.0,6,0.0,0,6,,19.4481,-99.16179,1125.0,2.0,1125,1125.0,1125.0,2.0,2.0,2.0,3.0,0.0,0.0,5.0,5.0,5.0,4.67,5.0,4.33,5.0,0.06
6045,90.74641243277964,100.0,225.0,100.0,,3.0,25,360,55.0,85.0,1.0,2.0,9,0.0,1,8,,19.40444,-99.16269,1125.0,1.0,180,1125.0,1125.0,1.0,1.0,1.0,3.0,1.0,3.0,2.67,3.67,3.0,3.33,3.67,3.33,2.67,2.25
6107,64.50740934905367,0.0,3000.0,50.0,,6.0,30,365,60.0,90.0,1.0,6.0,2,0.0,0,2,,19.30985,-99.17269,180.0,30.0,180,180.0,180.0,30.0,30.0,30.0,0.0,0.0,0.0,4.6,4.7,4.5,4.7,4.7,4.5,4.6,0.02
6134,90.22163237110513,100.0,400.0,99.0,,4.0,23,358,53.0,83.0,1.0,3.0,1,0.0,0,1,,19.31864,-99.17257,30.0,3.0,30,30.0,30.0,3.0,3.0,3.0,1.0,0.0,0.0,4.6,4.7,4.5,4.7,4.7,4.5,4.6,0.02
6179,90.22163237110513,100.0,214.0,99.0,,4.0,0,0,55.8,84.0,1.0,1.0,1,0.0,0,1,,19.39205,-99.14208,15.0,1.0,15,15.0,15.0,1.0,1.0,1.0,9.0,0.0,0.0,4.56,4.33,4.44,4.56,4.56,4.56,4.44,0.18
6342,90.22163237110513,100.0,545.0,99.0,,2.0,30,365,60.0,90.0,1.0,1.0,8,3.0,4,1,,19.39257,-99.16286,1125.0,1.0,50,1125.0,1125.0,1.0,1.0,1.0,56.0,0.0,1.0,4.86,4.91,4.77,4.96,4.96,4.84,4.93,1.17
6419,89.6968523094306,100.0,300.0,98.0,,1.0,24,170,50.0,80.0,1.0,2.0,3,0.0,2,1,,19.39862,-99.09517,1125.0,1.0,1125,1125.0,1125.0,1.0,1.0,1.0,61.0,2.0,27.0,4.9,4.9,4.89,4.85,4.92,4.82,4.79,1.3
6487,90.74641243277964,0.0,400.0,100.0,,2.0,28,268,58.0,88.0,1.0,2.0,1,0.0,0,1,,19.26399,-99.16803,1125.0,1.0,1125,1125.0,1125.0,1.0,1.0,1.0,1.0,0.0,0.0,4.0,4.0,5.0,3.0,5.0,3.0,5.0,0.02
6630,90.74641243277964,100.0,588.0,100.0,,1.0,30,64,60.0,64.0,1.0,6.0,7,0.0,4,3,,19.4295,-99.13583,365.0,3.0,365,99.3,2.0,1.0,1.0,2.4,8.0,0.0,7.0,4.5,4.5,4.25,4.13,4.5,4.38,4.38,0.29
6631,90.74641243277964,100.0,559.0,100.0,,1.0,27,58,57.0,58.0,1.0,6.0,7,0.0,4,3,,19.42972,-99.13564,365.0,3.0,365,99.1,1.0,1.0,1.0,2.4,3.0,0.0,3.0,5.0,5.0,5.0,4.67,5.0,5.0,5.0,0.27
6721,90.74641243277964,100.0,547.0,100.0,,1.0,30,61,60.0,61.0,1.0,8.0,7,0.0,4,3,,19.43109,-99.13571,365.0,3.0,365,99.4,2.0,1.0,1.0,2.4,28.0,1.0,27.0,4.75,4.71,4.75,4.71,4.82,4.46,4.75,0.66
7018,90.74641243277964,0.0,192.0,100.0,,2.0,29,364,59.0,89.0,1.0,2.0,2,0.0,0,2,,19.28517,-99.22131,1125.0,120.0,1125,1125.0,1125.0,120.0,120.0,120.0,0.0,0.0,0.0,5.0,5.0,4.75,5.0,5.0,5.0,5.0,0.09
7188,90.74641243277964,50.0,350.0,100.0,,1.0,29,179,59.0,89.0,1.0,2.0,1,0.0,0,1,,19.35808,-99.25466,10.0,1.0,10,10.0,10.0,1.0,1.0,1.0,4.0,0.0,0.0,5.0,5.0,4.75,5.0,5.0,5.0,5.0,0.09
7325,38.268406265327705,0.0,400.0,0.0,,2.0,30,365,60.0,90.0,1.0,2.0,1,0.0,0,1,,19.34827,-99.18891,30.0,1.0,30,30.0,30.0,1.0,1.0,1.0,0.0,0.0,0.0,4.44,4.61,4.11,4.61,4.78,4.5,4.28,0.02
7544,90.74641243277964,0.0,4400.0,100.0,,3.0,30,179,60.0,90.0,1.0,1.0,1,0.0,0,1,,19.34195,-99.18017,1125.0,6.0,1125,1125.0,1125.0,6.0,6.0,6.0,0.0,0.0,0.0,4.44,4.61,4.11,4.61,4.78,4.5,4.28,0.02
7608,90.74641243277964,0.0,280.0,100.0,,6.0,30,365,60.0,90.0,1.0,6.0,1,0.0,0,1,,19.38502,-99.13206,1125.0,7.0,30,1125.0,1125.0,7.0,7.0,7.0,0.0,0.0,0.0,4.44,4.61,4.11,4.61,4.78,4.5,4.28,0.02
7613,90.74641243277964,0.0,476.0,100.0,,2.0,24,359,54.0,84.0,1.0,5.0,1,0.0,0,1,,19.4,-99.2,1125.0,1.0,1125,1125.0,1125.0,1.0,1.0,1.0,1.0,0.0,0.0,4.44,4.61,4.11,4.61,4.78,4.5,4.28,0.02
7640,90.74641243277964,0.0,219.0,100.0,,2.0,30,30,30.0,30.0,1.0,2.0,1,0.0,0,1,,19.34165,-99.2,1125.0,1.0,1125,1125.0,1125.0,1.0,1.0,1.0,0.0,0.0,0.0,4.44,4.61,4.11,4.61,4.78,4.33,4.28,0.44
7839,90.74641243277964,0.0,236.0,100.0,,1.0,28,178,58.0,88.0,1.0,1.0,2,0.0,1,1,,19.31062,-99.1057,1125.0,2.0,1125,1125.0,1125.0,2.0,2.0,2.0,0.0,0.0,0.0,4.44,4.61,4.11,4.61,4.78,4.33,4.28,0.44
7891,90.74641243277964,100.0,83.0,100.0,,1.0,26,361,56.0,86.0,1.0,2.0,9,0.0,1,8,,19.40444,-99.16269,1125.0,1.0,180,1125.0,1125.0,1.0,1.0,1.0,18.0,0.0,6.0,4.44,4.61,4.11,4.61,4.78,4.33,4.28,0.44
7904,90.74641243277964,100.0,94.0,100.0,,2.0,23,358,53.0,83.0,1.0,2.0,9,0.0,1,8,,19.40444,-99.16269,1125.0,1.0,180,1125.0,1125.0,1.0,1.0,1.0,18.0,1.0,6.0,4.72,4.89,4.67,4.83,4.94,4.78,4.78,0.43
7911,90.74641243277964,100.0,103.0,100.0,,1.0,1,335,30.0,60.0,1.0,1.0,9,0.0,1,8,,19.40444,-99.16269,1125.0,1.0,90,1125.0,1125.0,1.0,1.0,1.0,17.0,0.0,7.0,4.5,4.75,4.44,4.81,4.75,4.56,4.63,0.41
8186,86.5481719393835,100.0,500.0,92.0,,2.0,0,0,55.8,84.0,1.0,1.0,2,0.0,1,1,,19.40132,-99.14315,1125.0,1.0,1125,1125.0,1125.0,1.0,1.0,1.0,20.0,0.0,5.0,4.95,4.9,4.55,4.9,5.0,4.85,4.95,0.51
8192,38.268406265327705,0.0,250.0,0.0,,2.0,29,364,59.0,89.0,1.0,1.0,1,0.0,0,1,,19.27449,-99.20953,7.0,1.0,7,7.0,7.0,1.0,1.0,1.0,0.0,0.0,0.0,5.0,5.0,4.75,5.0,5.0,4.75,5.0,0.21
8235,90.74641243277964,0.0,823.0,100.0,,2.0,30,365,60.0,90.0,1.0,1.0,1,0.0,0,1,,19.44516,-99.0644,1125.0,1.0,1125,1125.0,1125.0,1.0,1.0,1.0,0.0,0.0,0.0,5.0,5.0,4.75,5.0,5.0,4.75,5.0,0.21
8435,90.74641243277964,100.0,521.0,100.0,,1.0,24,174,54.0,84.0,1.0,1.0,5,0.0,4,1,,19.40991,-99.16413,1125.0,2.0,90,1125.0,1125.0,2.0,2.0,2.0,4.0,0.0,2.0,5.0,5.0,4.75,5.0,5.0,4.75,5.0,0.21
8512,90.74641243277964,100.0,2314.0,100.0,,8.0,0,0,55.8,84.0,1.0,2.0,2,0.0,0,2,,19.40381,-99.16238,1125.0,1.0,30,1125.0,1125.0,1.0,1.0,1.0,0.0,0.0,0.0,4.0,5.0,2.0,4.0,4.0,3.0,3.0,0.03
8550,90.74641243277964,100.0,1200.0,100.0,,5.0,0,0,55.8,84.0,1.0,5.0,2,0.0,0,2,,19.40503,-99.16024,1125.0,1.0,1125,1125.0,1125.0,1.0,1.0,1.0,1.0,0.0,0.0,4.0,5.0,2.0,4.0,4.0,3.0,3.0,0.03
8621,64.50740934905367,0.0,250.0,50.0,,4.0,30,365,60.0,90.0,1.0,4.0,2,0.0,0,2,,19.30908,-99.17281,180.0,30.0,180,180.0,180.0,30.0,30.0,30.0,1.0,0.0,0.0,4.6,4.7,4.5,4.7,4.7,4.5,4.6,0.05
8633,90.74641243277964,100.0,106.0,100.0,,1.0,29,364,59.0,89.0,1.0,1.0,9,0.0,1,8,,19.40527,-99.16192,1125.0,1.0,1125,1125.0,1125.0,1.0,1.0,1.0,22.0,0.0,18.0,4.55,4.59,4.59,4.73,4.95,4.59,4.59,0.57
8644,90.74641243277964,100.0,83.0,100.0,,1.0,30,365,60.0,90.0,1.0,2.0,9,0.0,1,8,,19.40354,-99.16188,1125.0,1.0,1125,1125.0,1125.0,1.0,1.0,1.0,21.0,1.0,14.0,4.71,4.9,4.81,4.81,5.0,4.86,4.86,0.53
8743,89.17207224775609,98.0,1457.0,97.0,,8.0,20,325,39.0,60.0,1.0,8.0,34,0.2,15,1,,19.43628,-99.18551,1125.0,3.0,365,1125.0,1125.0,1.0,1.0,1.0,6.0,0.0,5.0,4.0,4.5,3.83,4.5,4.17,4.0,4.17,0.42
8883,90.74641243277964,100.0,1700.0,100.0,,4.0,30,90,60.0,90.0,1.0,1.0,1,0.0,0,1,,19.35455,-99.07393,1125.0,3.0,1125,1125.0,1125.0,3.0,3.0,3.0,1.0,0.0,1.0,4.6,4.7,4.5,4.7,4.7,4.5,4.6,0.2
9042,38.268406265327705,100.0,350.0,0.0,,2.0,30,180,60.0,90.0,1.0,1.0,1,0.0,0,1,,19.29148,-99.12506,1125.0,2.0,1125,1125.0,1125.0,2.0,2.0,2.0,0.0,0.0,0.0,4.46,4.65,4.27,4.77,4.81,4.5,4.5,0.7
9144,90.74641243277964,100.0,94.0,100.0,,1.0,27,362,57.0,87.0,1.0,1.0,9,0.0,1,8,,19.40548,-99.16198,1125.0,1.0,180,1125.0,1125.0,1.0,1.0,1.0,26.0,2.0,17.0,4.46,4.65,4.27,4.77,4.81,4.5,4.5,0.7
9442,89.6968523094306,70.0,342.0,98.0,,1.0,30,192,60.0,90.0,1.0,1.0,12,0.0,9,3,,19.42645,-99.14252,1125.0,3.0,1125,1125.0,1125.0,1.0,1.0,1.0,6.3,2.0,3.3,4.51,4.69,4.42,4.36,4.63,4.42,4.56,0.8
9443,89.6968523094306,70.0,379.0,98.0,,1.0,22,177,48.0,75.0,1.0,1.0,12,0.0,9,3,,19.42767,-99.14219,1125.0,3.0,1125,1125.0,1125.0,1.0,1.0,1.0,1.0,0.0,0.0,4.0,5.0,5.0,5.0,5.0,5.0,5.0,0.03
9444,89.6968523094306,70.0,379.0,98.0,,1.0,30,192,60.0,90.0,1.0,1.0,12,0.0,9,3,,19.42675,-99.14259,1125.0,3.0,1125,1125.0,1125.0,1.0,1.0,1.0,11.0,2.0,10.0,4.27,4.45,3.82,4.09,4.36,3.91,4.18,0.88
9463,90.74641243277964,0.0,600.0,100.0,,2.0,0,0,55.8,84.0,1.0,1.0,1,0.0,0,1,,19.41514,-99.16382,365.0,1.0,365,365.0,365.0,1.0,1.0,1.0,0.0,0.0,0.0,4.92,5.0,4.92,4.77,5.0,4.85,4.92,0.78
9551,90.74641243277964,0.0,528.0,100.0,,2.0,12,347,42.0,72.0,1.0,1.0,1,0.0,0,1,,19.5522,-99.15234,1125.0,3.0,30,1125.0,1125.0,3.0,3.0,3.0,0.0,0.0,0.0,4.92,5.0,4.92,4.77,5.0,4.85,4.92,0.78
9628,90.74641243277964,83.0,1700.0,100.0,,10.0,30,365,60.0,90.0,1.0,5.0,3,0.0,0,3,,19.42896,-99.13601,1125.0,1.0,1125,1125.0,1125.0,1.0,1.0,1.0,13.0,0.0,11.0,4.92,5.0,4.92,4.77,5.0,4.85,4.92,0.78
9656,75.52779064421858,86.0,231.0,71.0,,4.0,30,365,60.0,90.0,1.0,5.0,1,0.0,0,1,,19.35789,-99.15264,1125.0,30.0,1125,1125.0,1125.0,30.0,30.0,30.0,0.0,0.0,0.0,5.0,5.0,5.0,5.0,4.67,5.0,4.67,0.1
9679,75.52779064421858,86.0,200.0,71.0,,1.0,30,180,60.0,90.0,1.0,1.0,82,0.0,40,42,,19.46201,-99.14536,365.0,28.0,365,365.0,365.0,28.0,28.0,28.0,3.0,0.0,1.0,5.0,5.0,5.0,5.0,4.67,5.0,4.67,0.1
9693,84.44905169268542,93.0,310.0,88.0,,1.0,30,365,60.0,90.0,1.0,1.0,17,4.0,10,3,,19.43379,-99.16396,1125.0,1.0,1125,1125.0,1125.0,1.0,1.0,1.0,54.0,0.0,12.0,4.8,4.91,4.8,4.93,4.98,4.76,4.8,1.97
9694,84.44905169268542,93.0,505.0,88.0,,2.0,0,209,55.8,84.0,1.0,1.0,17,4.0,10,3,,19.43359,-99.16369,1125.0,1.0,1125,1125.0,1125.0,1.0,1.0,1.0,11.0,0.0,1.0,4.73,4.73,5.0,4.45,5.0,4.73,4.64,0.38
9706,90.74641243277964,100.0,334.0,100.0,,1.0,25,257,48.0,73.0,1.0,1.0,22,1.0,12,9,,19.43083,-99.15913,1125.0,1.0,30,1125.0,1125.0,1.0,1.0,1.0,4.0,1.0,2.0,5.0,5.0,4.75,5.0,5.0,5.0,4.75,0.18
9707,90.74641243277964,100.0,326.0,100.0,,1.0,25,257,48.0,73.0,1.0,1.0,22,1.0,12,9,,19.431076049804688,-99.16026306152344,1125.0,1.0,7,1125.0,1125.0,1.0,1.0,1.0,11.0,0.0,10.0,4.64,4.91,4.64,4.64,5.0,4.64,4.64,0.48
9714,90.74641243277964,100.0,326.0,100.0,,1.0,25,257,48.0,73.0,1.0,1.0,22,1.0,12,9,,19.43049,-99.16126,1125.0,1.0,30,1125.0,1125.0,1.0,1.0,1.0,4.0,0.0,4.0,4.0,4.0,4.0,4.0,4.0,4.0,4.0,0.43
9716,90.74641243277964,100.0,334.0,100.0,,1.0,17,249,40.0,65.0,1.0,1.0,22,1.0,12,9,,19.42991,-99.15934,1125.0,1.0,30,1125.0,1125.0,1.0,1.0,1.0,7.0,1.0,5.0,4.86,4.86,4.86,5.0,4.71,4.57,4.29,0.48
9719,90.74641243277964,100.0,309.0,100.0,,1.0,16,247,38.0,63.0,1.0,1.0,22,1.0,12,9,,19.431076049804688,-99.16026306152344,1125.0,1.0,7,1125.0,1125.0,1.0,1.0,1.0,7.0,1.0,7.0,4.86,4.71,4.86,5.0,4.86,4.71,4.86,0.81
9720,90.74641243277964,100.0,334.0,100.0,,1.0,25,257,48.0,73.0,1.0,1.0,22,1.0,12,9,,19.43086,-99.16115,1125.0,1.0,30,1125.0,1125.0,1.0,1.0,1.0,0.0,0.0,0.0,4.73,4.73,4.45,4.82,5.0,4.73,4.82,0.36
9727,90.74641243277964,100.0,326.0,100.0,,1.0,25,257,48.0,73.0,1.0,1.0,22,1.0,12,9,,19.431076049804688,-99.16026306152344,1125.0,1.0,7,1125.0,1125.0,1.0,1.0,1.0,11.0,0.0,4.0,4.73,4.73,4.45,4.82,5.0,4.73,4.82,0.36
9728,90.74641243277964,100.0,334.0,100.0,,1.0,25,257,48.0,73.0,1.0,1.0,22,1.0,12,9,,19.431076049804688,-99.16026306152344,1125.0,1.0,7,1125.0,1125.0,1.0,1.0,1.0,14.0,0.0,13.0,4.79,4.71,4.86,4.71,4.86,4.5,4.64,1.1
9777,75.52779064421858,86.0,206.0,71.0,,1.0,30,180,60.0,90.0,1.0,1.0,82,0.0,40,42,,19.46424,-99.14548,365.0,28.0,365,365.0,365.0,28.0,28.0,28.0,3.0,0.0,1.0,5.0,5.0,5.0,5.0,5.0,4.67,4.67,0.19
9791,75.52779064421858,86.0,200.0,71.0,,1.0,30,365,60.0,90.0,1.0,1.0,82,0.0,40,42,,19.46139,-99.14784,365.0,28.0,365,365.0,365.0,28.0,28.0,28.0,3.0,0.0,1.0,4.67,5.0,4.67,5.0,5.0,5.0,5.0,0.1
9835,90.74641243277964,83.0,7500.0,100.0,,1.0,28,363,58.0,88.0,1.0,5.0,1,0.0,0,1,,19.36362,-99.16204,1125.0,6.6,365,1125.0,1125.0,6.4,6.5,6.6,0.0,0.0,0.0,5.0,5.0,4.0,4.33,5.0,5.0,4.67,0.1
9892,90.74641243277964,83.0,1700.0,100.0,,10.0,30,365,60.0,90.0,1.0,5.0,3,0.0,0,3,,19.43105,-99.13785,1125.0,1.0,1125,1125.0,1125.0,1.0,1.0,1.0,3.0,0.0,0.0,5.0,5.0,4.0,4.33,5.0,5.0,4.67,0.1
9936,88.64729218608156,100.0,600.0,96.0,,1.0,28,351,58.0,88.0,1.0,1.0,16,0.0,6,10,,19.42573,-99.16259,1125.0,1.0,1125,1125.0,1125.0,1.0,1.0,1.0,6.3,0.0,16.0,4.93,4.97,4.86,4.93,4.96,4.94,4.86,2.19
10023,64.50740934905367,100.0,225.0,50.0,,1.0,30,365,60.0,90.0,1.0,1.0,1,0.0,0,1,,19.42968,-99.10247,1125.0,3.0,5,1125.0,1125.0,3.0,3.0,3.0,0.0,0.0,0.0,4.93,4.81,4.81,4.89,4.89,4.81,5.0,0.87
10030,88.64729218608156,100.0,567.0,96.0,,1.0,27,204,57.0,87.0,1.0,1.0,16,0.0,6,10,,19.42437,-99.1613,1125.0,3.0,1125,1125.0,1125.0,3.0,1.0,3.0,27.0,0.0,9.0,4.93,4.81,4.81,4.89,4.89,4.81,5.0,0.87
10031,88.64729218608156,100.0,1108.0,96.0,,2.0,19,258,42.0,72.0,1.0,1.0,16,0.0,6,10,,19.4251,-99.16058,365.0,1.0,365,365.0,365.0,1.0,1.0,1.0,0.0,0.0,0.0,4.68,4.73,4.68,4.73,4.68,4.82,4.64,0.72
10182,88.64729218608156,100.0,224.0,96.0,,2.0,30,365,60.0,90.0,1.0,1.0,1,0.0,0,1,,19.4,-99.10684,1125.0,15.0,1125,1125.0,1125.0,15.0,15.0,15.0,0.0,0.0,0.0,4.68,4.73,4.68,4.73,4.68,4.82,4.64,0.72
10200,88.64729218608156,100.0,557.0,96.0,,1.0,27,274,57.0,87.0,1.0,1.0,16,0.0,6,10,,19.42622,-99.16268,1125.0,3.0,1125,1125.0,1125.0,3.0,1.0,3.0,22.0,0.0,14.0,4.68,4.73,4.68,4.73,4.68,4.82,4.64,0.72
10306,75.52779064421858,86.0,800.0,71.0,,2.0,30,365,60.0,90.0,1.0,2.0,1,0.0,0,1,,19.4,-99.15874,1125.0,1.0,30,1125.0,1125.0,1.0,1.0,1.0,0.0,0.0,0.0,5.0,5.0,4.67,5.0,5.0,5.0,5.0,0.12
10321,75.52779064421858,86.0,212.0,71.0,,1.0,30,365,60.0,90.0,1.0,1.0,82,0.0,40,42,,19.46278,-99.14544,365.0,28.0,365,365.0,365.0,28.0,28.0,28.0,3.0,0.0,0.0,5.0,5.0,4.67,5.0,5.0,5.0,5.0,0.12
10374,75.52779064421858,86.0,200.0,71.0,,1.0,30,180,60.0,90.0,1.0,1.0,82,0.0,40,42,,19.46431,-99.14497,365.0,28.0,365,365.0,365.0,28.0,28.0,28.0,4.0,1.0,2.0,4.25,4.75,4.25,4.5,4.75,4.5,4.5,0.26
10375,75.52779064421858,86.0,200.0,71.0,,1.0,30,365,60.0,90.0,1.0,1.0,82,0.0,40,42,,19.46069,-99.14871,365.0,28.0,365,365.0,365.0,28.0,28.0,28.0,2.0,0.0,0.0,5.0,5.0,5.0,5.0,5.0,5.0,5.0,0.07
10407,75.52779064421858,86.0,200.0,71.0,,1.0,30,365,60.0,90.0,1.0,1.0,82,0.0,40,42,,19.45938,-99.1479,365.0,28.0,365,365.0,365.0,28.0,28.0,28.0,1.0,0.0,1.0,5.0,5.0,5.0,5.0,5.0,5.0,5.0,0.16
10414,90.74641243277964,100.0,2070.0,100.0,,2.0,30,365,60.0,90.0,1.0,1.0,1,0.0,0,1,,19.35705,-99.2,1125.0,1.0,30,1125.0,1125.0,1.0,1.0,1.0,3.0,0.0,1.0,5.0,4.0,4.67,3.33,5.0,4.0,5.0,0.1
10514,90.74641243277964,100.0,400.0,100.0,,2.0,30,365,60.0,90.0,1.0,1.0,1,0.0,0,1,,19.44803,-99.18382,1125.0,7.0,365,1125.0,1125.0,7.0,7.0,7.0,1.0,0.0,1.0,4.6,4.7,4.5,4.7,4.7,4.5,4.6,0.2
10633,88.64729218608156,100.0,500.0,96.0,,1.0,23,358,53.0,83.0,1.0,1.0,16,0.0,6,10,,19.4244,-99.16137,365.0,1.0,365,365.0,365.0,1.0,1.0,1.0,3.0,0.0,0.0,5.0,5.0,4.67,5.0,5.0,5.0,5.0,0.1
10653,75.52779064421858,86.0,584.7,71.0,,3.0,30,365,60.0,90.0,1.0,5.0,2,0.0,1,1,,19.33776,-99.18234,1125.0,6.6,265,1125.0,1125.0,6.4,6.5,6.6,0.0,0.0,0.0,5.0,5.0,4.8,5.0,5.0,5.0,5.0,0.18
10713,75.52779064421858,86.0,299.0,71.0,,1.0,30,365,60.0,90.0,1.0,1.0,82,0.0,40,42,,19.46457,-99.1442,365.0,7.0,365,365.0,365.0,7.0,7.0,7.0,5.0,0.0,0.0,5.0,5.0,4.8,5.0,5.0,5.0,5.0,0.18
10736,75.52779064421858,86.0,199.0,71.0,,1.0,30,365,60.0,90.0,1.0,1.0,82,0.0,40,42,,19.46087,-99.14849,365.0,28.0,365,365.0,365.0,28.0,28.0,28.0,3.0,0.0,0.0,4.67,5.0,4.67,5.0,5.0,5.0,5.0,0.11
10964,88.64729218608156,100.0,543.0,96.0,,1.0,26,324,56.0,86.0,1.0,2.0,16,0.0,6,10,,19.42472,-99.16229,1125.0,1.0,1125,1125.0,1125.0,1.0,1.0,1.0,10.0,1.0,6.0,5.0,5.0,5.0,5.0,5.0,5.0,4.9,0.38
11045,75.52779064421858,86.0,201.0,71.0,,1.0,25,360,55.0,85.0,1.0,1.0,82,0.0,40,42,,19.46426,-99.14419,365.0,28.0,365,365.0,365.0,28.0,28.0,28.0,8.0,0.0,3.0,5.0,5.0,5.0,5.0,5.0,5.0,5.0,0.33
11046,90.74641243277964,100.0,326.0,100.0,,1.0,25,249,48.0,73.0,1.0,1.0,22,1.0,12,9,,19.431076049804688,-99.16026306152344,1125.0,1.0,7,1125.0,1125.0,1.0,1.0,1.0,6.3,0.0,30.0,4.81,4.78,4.6,4.78,4.9,4.75,4.67,2.26
11078,75.52779064421858,86.0,206.0,71.0,,1.0,30,365,60.0,90.0,1.0,1.0,82,0.0,40,42,,19.46396,-99.14571,365.0,28.0,365,365.0,365.0,28.0,28.0,28.0,3.0,0.0,0.0,5.0,4.67,4.67,5.0,5.0,4.33,4.67,0.11
11137,89.17207224775609,100.0,300.0,97.0,,2.0,19,345,42.0,72.0,1.0,1.0,1,0.0,0,1,,19.41221,-99.09895,1125.0,1.0,2,1125.0,1125.0,1.0,1.0,1.0,36.0,2.0,3.3,4.86,4.81,4.75,4.92,4.94,4.86,4.86,2.89
11307,75.52779064421858,86.0,199.0,71.0,,1.0,30,365,60.0,90.0,1.0,1.0,82,0.0,40,42,,19.46003,-99.14856,365.0,28.0,365,365.0,365.0,28.0,28.0,28.0,0.0,0.0,0.0,4.5,4.67,4.5,4.5,5.0,4.5,4.17,0.26
11311,75.52779064421858,86.0,199.0,71.0,,1.0,30,365,60.0,90.0,1.0,1.0,82,0.0,40,42,,19.45928,-99.14683,365.0,28.0,365,365.0,365.0,28.0,28.0,28.0,6.0,0.0,3.0,4.5,4.67,4.5,4.5,5.0,4.5,4.17,0.26
11407,75.52779064421858,86.0,199.0,71.0,,1.0,30,365,60.0,90.0,1.0,1.0,82,0.0,40,42,,19.46145,-99.14823,365.0,28.0,365,365.0,365.0,28.0,28.0,28.0,1.0,0.0,0.0,5.0,5.0,5.0,5.0,5.0,5.0,5.0,0.05
11488,90.74641243277964,83.0,584.7,100.0,,1.0,30,365,60.0,90.0,1.0,1.0,1,0.0,0,1,,19.3399,-99.23574,1125.0,6.6,1125,1125.0,1125.0,6.4,6.5,6.6,0.0,0.0,0.0,4.5,5.0,5.0,5.0,5.0,4.5,4.5,0.23
11501,90.74641243277964,83.0,250.0,100.0,,1.0,30,365,60.0,90.0,1.0,1.0,3,0.0,0,3,,19.42908,-99.13632,1125.0,1.0,15,1125.0,1125.0,1.0,1.0,1.0,2.0,0.0,2.0,4.5,5.0,5.0,5.0,5.0,4.5,4.5,0.23
11753,75.52779064421858,86.0,212.0,71.0,,1.0,30,180,60.0,90.0,1.0,1.0,82,0.0,40,42,,19.46251,-99.14379,365.0,28.0,365,365.0,365.0,28.0,28.0,28.0,0.0,0.0,0.0,4.25,4.75,3.75,4.75,5.0,4.5,4.0,0.25
11755,75.52779064421858,86.0,207.0,71.0,,1.0,30,180,60.0,90.0,1.0,1.0,82,0.0,40,42,,19.45959,-99.14789,365.0,28.0,365,365.0,365.0,28.0,28.0,28.0,4.0,0.0,1.0,4.25,4.75,3.75,4.75,5.0,4.5,4.0,0.25
11756,75.52779064421858,86.0,200.0,71.0,,1.0,30,180,60.0,90.0,1.0,1.0,82,0.0,40,42,,19.46008,-99.14846,365.0,28.0,365,365.0,365.0,28.0,28.0,28.0,0.0,0.0,0.0,5.0,5.0,5.0,5.0,5.0,5.0,5.0,0.09
11758,75.52779064421858,86.0,199.0,71.0,,1.0,30,365,60.0,90.0,1.0,1.0,82,0.0,40,42,,19.45951,-99.14682,365.0,28.0,365,365.0,365.0,28.0,28.0,28.0,2.0,0.0,0.0,5.0,5.0,5.0,5.0,5.0,5.0,5.0,0.09
11809,75.52779064421858,86.0,202.0,71.0,,1.0,30,365,60.0,90.0,1.0,1.0,82,0.0,40,42,,19.46011,-99.14852,365.0,28.0,365,365.0,365.0,28.0,28.0,28.0,0.0,0.0,0.0,5.0,5.0,4.0,5.0,5.0,5.0,5.0,0.05
11810,75.52779064421858,86.0,199.0,71.0,,1.0,30,365,60.0,90.0,1.0,1.0,82,0.0,40,42,,19.46138,-99.14711,365.0,28.0,365,365.0,365.0,28.0,28.0,28.0,0.0,0.0,0.0,5.0,5.0,4.0,5.0,5.0,5.0,5.0,0.05
11838,75.52779064421858,86.0,199.0,71.0,,1.0,30,365,60.0,90.0,1.0,1.0,82,0.0,40,42,,19.46161,-99.14854,365.0,28.0,365,365.0,365.0,28.0,28.0,28.0,0.0,0.0,0.0,5.0,5.0,4.0,5.0,5.0,5.0,5.0,0.05
11840,75.52779064421858,86.0,199.0,71.0,,1.0,30,365,60.0,90.0,1.0,1.0,82,0.0,40,42,,19.4612,-99.14839,365.0,28.0,365,365.0,365.0,28.0,28.0,28.0,0.0,0.0,0.0,5.0,5.0,4.0,5.0,5.0,5.0,5.0,0.05
11844,75.52779064421858,86.0,199.0,71.0,,1.0,30,365,60.0,90.0,1.0,1.0,82,0.0,40,42,,19.4597,-99.1465,365.0,28.0,365,365.0,365.0,28.0,28.0,28.0,0.0,0.0,0.0,5.0,5.0,4.0,5.0,5.0,5.0,5.0,0.05
11858,75.52779064421858,86.0,199.0,71.0,,1.0,30,365,60.0,90.0,1.0,1.0,82,0.0,40,42,,19.46162,-99.14804,365.0,28.0,365,365.0,365.0,28.0,28.0,28.0,1.0,0.0,0.0,5.0,5.0,4.0,5.0,5.0,5.0,5.0,0.05
11862,90.74641243277964,86.0,6000.0,100.0,,1.0,30,180,60.0,90.0,1.0,1.0,1,0.0,0,1,,19.38206,-99.1595,365.0,2.0,365,365.0,365.0,2.0,2.0,2.0,0.0,0.0,0.0,2.0,3.0,2.0,3.0,2.5,2.5,2.5,0.09
11898,75.52779064421858,86.0,199.0,71.0,,1.0,30,365,60.0,90.0,1.0,1.0,82,0.0,40,42,,19.45928,-99.14665,365.0,28.0,365,365.0,365.0,28.0,28.0,28.0,2.0,0.0,0.0,2.0,3.0,2.0,3.0,2.5,2.5,2.5,0.09
11925,38.268406265327705,100.0,6354.0,0.0,,3.0,30,365,60.0,90.0,1.0,1.0,1,0.0,0,1,,19.39967,-99.19584,1125.0,1.0,365,1125.0,1125.0,1.0,1.0,1.0,0.0,0.0,0.0,4.44,4.48,4.22,4.37,4.78,4.41,4.7,1.17
11972,90.74641243277964,100.0,421.0,100.0,,1.0,30,90,56.0,86.0,1.0,1.0,21,4.0,2,4,,19.44117,-99.14447,1125.0,1.0,1125,1125.0,1125.0,1.0,1.0,1.0,27.0,0.0,11.0,4.44,4.48,4.22,4.37,4.78,4.41,4.7,1.17
12034,90.74641243277964,100.0,779.0,100.0,,2.0,29,364,59.0,89.0,1.0,1.0,1,0.0,0,1,,19.423716,-99.142693,1125.0,1.0,1125,1125.0,1125.0,1.0,1.0,1.0,22.0,0.0,12.0,4.86,4.73,4.73,4.95,4.82,4.86,4.73,0.98
12062,90.74641243277964,100.0,866.0,100.0,,2.0,29,47,47.0,47.0,1.0,1.0,1,0.0,0,1,,19.40254,-99.07303,365.0,7.0,365,365.0,365.0,7.0,7.0,7.0,0.0,0.0,0.0,5.0,5.0,5.0,5.0,5.0,5.0,5.0,0.12
12100,90.74641243277964,100.0,1011.0,100.0,,1.0,30,93,60.0,90.0,1.0,1.0,21,4.0,2,4,,19.43944,-99.1442,365.0,1.0,365,365.0,365.0,1.0,1.0,1.0,0.0,0.0,0.0,5.0,5.0,5.0,5.0,5.0,5.0,5.0,0.12
12103,90.74641243277964,100.0,979.0,100.0,,1.0,30,93,60.0,90.0,1.0,1.0,21,4.0,2,4,,19.44119,-99.14429,365.0,1.0,365,365.0,365.0,1.0,1.0,1.0,0.0,0.0,0.0,5.0,5.0,5.0,5.0,5.0,5.0,5.0,0.12
12105,90.74641243277964,100.0,1132.0,100.0,,1.0,30,93,60.0,90.0,1.0,1.0,21,4.0,2,4,,19.43917,-99.14523,365.0,1.0,365,365.0,365.0,1.0,1.0,1.0,0.0,0.0,0.0,5.0,5.0,5.0,5.0,5.0,5.0,5.0,0.12
12113,90.74641243277964,100.0,330.0,100.0,,7.0,30,365,60.0,90.0,1.0,9.0,6,0.0,0,6,,19.44917,-99.16241,1125.0,2.0,1125,1125.0,1125.0,2.0,2.0,2.0,2.0,0.0,1.0,5.0,5.0,5.0,5.0,5.0,5.0,5.0,0.12
12132,90.74641243277964,100.0,330.0,100.0,,7.0,29,364,59.0,89.0,1.0,9.0,6,0.0,0,6,,19.44819,-99.16212,1125.0,2.0,1125,1125.0,1125.0,2.0,2.0,2.0,3.0,0.0,1.0,4.33,4.33,4.67,5.0,4.67,4.0,4.0,0.18
12242,38.268406265327705,86.0,350.0,0.0,,5.0,27,87,57.0,87.0,1.0,2.0,1,0.0,0,1,,19.29948,-99.164,365.0,1.0,365,365.0,365.0,1.0,1.0,1.0,1.0,0.0,0.0,4.0,4.0,4.0,3.0,4.0,4.0,4.0,0.04
12260,75.52779064421858,86.0,201.0,71.0,,1.0,30,365,60.0,90.0,1.0,1.0,82,0.0,40,42,,19.46386,-99.14554,365.0,28.0,365,365.0,365.0,28.0,28.0,28.0,1.0,0.0,0.0,5.0,5.0,5.0,5.0,5.0,5.0,5.0,0.05
12281,75.52779064421858,86.0,600.0,71.0,,1.0,0,271,55.8,84.0,1.0,1.0,1,0.0,0,1,,19.37616,-99.1401,1125.0,1.0,1125,1125.0,1125.0,1.0,1.0,1.0,0.0,0.0,0.0,5.0,5.0,5.0,5.0,5.0,5.0,5.0,0.05
12288,75.52779064421858,86.0,199.0,71.0,,1.0,30,365,60.0,90.0,1.0,1.0,82,0.0,40,42,,19.46124,-99.148,365.0,28.0,365,365.0,365.0,28.0,28.0,28.0,1.0,0.0,0.0,5.0,5.0,5.0,5.0,5.0,5.0,5.0,0.05
12290,75.52779064421858,86.0,199.0,71.0,,1.0,30,365,60.0,90.0,1.0,1.0,82,0.0,40,42,,19.45942,-99.14642,365.0,28.0,365,365.0,365.0,28.0,28.0,28.0,0.0,0.0,0.0,5.0,5.0,4.5,5.0,5.0,5.0,5.0,0.1
12299,75.52779064421858,86.0,199.0,71.0,,1.0,30,365,60.0,90.0,1.0,1.0,82,0.0,40,42,,19.46126,-99.14805,365.0,28.0,365,365.0,365.0,28.0,28.0,28.0,0.0,0.0,0.0,5.0,5.0,4.5,5.0,5.0,5.0,5.0,0.1
12309,75.52779064421858,86.0,200.0,71.0,,1.0,30,365,60.0,90.0,1.0,1.0,82,0.0,40,42,,19.46279,-99.14545,365.0,28.0,365,365.0,365.0,28.0,28.0,28.0,2.0,0.0,0.0,5.0,5.0,4.5,5.0,5.0,5.0,5.0,0.1
12311,75.52779064421858,86.0,199.0,71.0,,1.0,30,365,60.0,90.0,1.0,1.0,82,0.0,40,42,,19.4595,-99.14834,365.0,28.0,365,365.0,365.0,28.0,28.0,28.0,1.0,0.0,0.0,5.0,5.0,5.0,5.0,5.0,5.0,5.0,0.05
12570,75.52779064421858,86.0,199.0,71.0,,1.0,30,365,60.0,90.0,1.0,1.0,82,0.0,40,42,,19.45951,-99.14853,365.0,28.0,365,365.0,365.0,28.0,28.0,28.0,0.0,0.0,0.0,5.0,5.0,4.0,5.0,5.0,5.0,5.0,0.05
12573,75.52779064421858,86.0,199.0,71.0,,1.0,30,365,60.0,90.0,1.0,1.0,82,0.0,40,42,,19.45931,-99.14714,365.0,28.0,365,365.0,365.0,28.0,28.0,28.0,1.0,0.0,0.0,5.0,5.0,4.0,5.0,5.0,5.0,5.0,0.05
12599,75.52779064421858,86.0,201.0,71.0,,1.0,30,365,60.0,90.0,1.0,1.0,82,0.0,40,42,,19.46369,-99.14541,365.0,28.0,365,365.0,365.0,28.0,28.0,28.0,2.0,0.0,0.0,5.0,5.0,5.0,5.0,5.0,5.0,5.0,0.1
12938,84.44905169268542,93.0,300.0,88.0,,1.0,28,362,58.0,88.0,1.0,1.0,17,4.0,10,3,,19.43188,-99.16248,1125.0,1.0,1125,1125.0,1125.0,1.0,1.0,1.0,17.0,0.0,11.0,4.94,4.94,4.76,4.94,4.94,4.76,4.76,0.88
13482,75.52779064421858,86.0,200.0,71.0,,1.0,30,365,60.0,90.0,1.0,1.0,82,0.0,40,42,,19.45963,-99.14687,365.0,28.0,365,365.0,365.0,28.0,28.0,28.0,0.0,0.0,0.0,4.9,4.95,4.86,4.83,4.93,4.88,4.88,2.4
13483,75.52779064421858,86.0,199.0,71.0,,1.0,30,180,60.0,90.0,1.0,1.0,82,0.0,40,42,,19.46151,-99.14859,365.0,28.0,365,365.0,365.0,28.0,28.0,28.0,0.0,0.0,0.0,4.9,4.95,4.86,4.83,4.93,4.88,4.88,2.4
13485,75.52779064421858,86.0,199.0,71.0,,1.0,30,180,60.0,90.0,1.0,1.0,82,0.0,40,42,,19.46147,-99.14649,365.0,28.0,365,365.0,365.0,28.0,28.0,28.0,0.0,0.0,0.0,4.9,4.95,4.86,4.83,4.93,4.88,4.88,2.4
13512,90.74641243277964,100.0,400.0,100.0,,2.0,0,271,55.8,84.0,1.0,2.0,6,0.0,5,1,,19.33639,-99.18367,1125.0,1.0,1125,1125.0,1125.0,1.0,1.0,1.0,42.0,0.0,24.0,4.9,4.95,4.86,4.83,4.93,4.88,4.88,2.4
13558,75.52779064421858,86.0,200.0,71.0,,1.0,30,365,60.0,90.0,1.0,1.0,82,0.0,40,42,,19.46074,-99.14842,365.0,28.0,365,365.0,365.0,28.0,28.0,28.0,0.0,0.0,0.0,4.5,4.0,4.5,5.0,4.5,4.5,4.0,0.34
13561,75.52779064421858,86.0,200.0,71.0,,1.0,30,365,60.0,90.0,1.0,1.0,82,0.0,40,42,,19.46101,-99.1463,365.0,28.0,365,365.0,365.0,28.0,28.0,28.0,0.0,0.0,0.0,4.5,4.0,4.5,5.0,4.5,4.5,4.0,0.34
13656,84.44905169268542,86.0,1643.0,88.0,,2.0,30,365,60.0,90.0,1.0,4.0,1,0.0,0,1,,19.39141,-99.07033,1125.0,1.0,1125,1125.0,1125.0,1.0,1.0,1.0,2.0,0.0,2.0,4.5,4.0,4.5,5.0,4.5,4.5,4.0,0.34
13696,75.52779064421858,86.0,203.0,71.0,,1.0,30,365,60.0,90.0,1.0,1.0,82,0.0,40,42,,19.46266,-99.14386,365.0,28.0,365,365.0,365.0,28.0,28.0,28.0,2.0,0.0,0.0,5.0,5.0,4.5,5.0,5.0,5.0,5.0,0.14
13730,38.268406265327705,25.0,400.0,0.0,,2.0,0,302,55.8,27.0,1.0,1.0,1,0.0,0,1,,19.40733914038746,-99.16819496645802,365.0,1.0,365,365.0,365.0,1.0,1.0,1.0,0.0,0.0,0.0,3.0,3.0,3.0,3.67,4.33,3.33,3.67,0.19
13805,90.22163237110513,100.0,240.0,99.0,,9.0,30,365,60.0,90.0,1.0,9.0,10,0.0,0,10,,19.43375,-99.14331,1125.0,1.0,30,1125.0,1125.0,1.0,1.0,1.0,3.0,0.0,2.0,3.0,3.0,3.0,3.67,4.33,3.33,3.67,0.19
13934,55.58614830058684,50.0,190.0,33.0,,2.0,0,327,22.0,52.0,1.0,1.0,1,0.0,0,1,,19.42829,-99.17072,1125.0,2.0,1125,1125.0,1125.0,1.0,2.0,1.3,0.0,0.0,0.0,5.0,5.0,4.0,4.0,5.0,4.0,4.0,0.06
13949,64.50740934905367,100.0,350.0,50.0,,7.0,23,358,53.0,83.0,1.0,2.0,1,0.0,0,1,,19.434953689575195,-99.1323471069336,365.0,2.0,365,365.0,365.0,2.0,2.0,2.0,1.0,0.0,0.0,5.0,5.0,4.0,4.0,5.0,4.0,4.0,0.06
14081,90.22163237110513,100.0,240.0,99.0,,9.0,30,365,60.0,90.0,1.0,9.0,10,0.0,0,10,,19.43433,-99.14387,365.0,1.0,365,365.0,365.0,1.0,1.0,1.0,4.0,1.0,3.0,4.0,4.0,3.75,4.25,4.5,3.5,4.25,0.23
14083,90.22163237110513,100.0,240.0,99.0,,9.0,29,364,59.0,89.0,1.0,9.0,10,0.0,0,10,,19.43536,-99.1426,365.0,1.0,365,365.0,365.0,1.0,1.0,1.0,30.0,0.0,24.0,4.73,4.8,4.5,4.77,4.83,4.67,4.67,1.77
14084,90.22163237110513,100.0,240.0,99.0,,9.0,30,364,60.0,90.0,1.0,9.0,10,0.0,0,10,,19.43349,-99.14422,365.0,1.0,365,365.0,365.0,1.0,1.0,1.0,4.0,0.0,2.0,3.75,5.0,4.25,4.5,5.0,4.0,3.75,0.23
14085,90.22163237110513,100.0,240.0,99.0,,9.0,30,364,60.0,90.0,1.0,9.0,10,0.0,0,10,,19.43385,-99.14537,365.0,1.0,365,365.0,365.0,1.0,1.0,1.0,13.0,0.0,11.0,5.0,4.85,4.54,4.77,5.0,4.62,4.77,0.76
14089,90.22163237110513,100.0,240.0,99.0,,9.0,30,365,60.0,90.0,1.0,9.0,10,0.0,0,10,,19.4327,-99.14509,365.0,1.0,365,365.0,365.0,1.0,1.0,1.0,5.0,0.0,5.0,4.0,4.2,4.4,4.4,5.0,4.4,4.4,0.52
14090,90.22163237110513,100.0,240.0,99.0,,9.0,30,365,60.0,90.0,1.0,9.0,10,0.0,0,10,,19.43236,-99.14391,365.0,1.0,365,365.0,365.0,1.0,1.0,1.0,10.0,0.0,4.0,4.7,4.9,4.5,4.5,4.8,4.2,4.3,0.59
14297,90.22163237110513,100.0,330.0,99.0,,9.0,30,365,60.0,90.0,1.0,9.0,10,0.0,0,10,,19.43205,-99.14396,1125.0,1.0,1125,1125.0,1125.0,1.0,1.0,1.0,0.0,0.0,0.0,4.25,4.63,4.31,4.75,4.88,4.5,4.81,0.99
14377,38.268406265327705,83.0,208.0,0.0,,1.0,27,362,57.0,87.0,1.0,1.0,1,0.0,0,1,,19.45005,-99.11786,5.0,1.0,5,5.0,5.0,1.0,1.0,1.0,0.0,0.0,0.0,4.25,4.63,4.31,4.75,4.88,4.5,4.81,0.99
14534,79.72603113761474,83.0,215.0,79.0,,1.0,20,348,50.0,73.0,1.0,1.0,1,0.0,0,1,,19.43423,-99.13508,365.0,1.0,365,365.0,365.0,1.0,1.0,1.0,16.0,0.0,9.0,4.25,4.63,4.31,4.75,4.88,4.5,4.81,0.99
14559,90.22163237110513,100.0,240.0,99.0,,9.0,30,365,60.0,90.0,1.0,9.0,10,0.0,0,10,,19.43227,-99.14498,1125.0,1.0,1125,1125.0,1125.0,1.0,1.0,1.0,0.0,0.0,0.0,4.43,4.71,4.38,4.67,4.85,4.19,4.38,1.61
14613,90.22163237110513,100.0,240.0,99.0,,9.0,30,365,60.0,90.0,1.0,9.0,10,0.0,0,10,,19.43223,-99.14402,1125.0,1.0,1125,1125.0,1125.0,1.0,1.0,1.0,21.0,0.0,20.0,4.43,4.71,4.38,4.67,4.85,4.19,4.38,1.61
14670,90.74641243277964,100.0,220.0,100.0,,6.0,30,365,60.0,90.0,1.0,9.0,1,0.0,0,1,,19.4241,-99.15868,1125.0,6.6,1125,1125.0,1125.0,6.4,6.5,6.6,0.0,0.0,0.0,4.76,4.72,4.54,4.82,4.84,4.52,4.72,3.42
14852,90.74641243277964,100.0,220.0,100.0,,1.0,30,365,60.0,90.0,1.0,1.0,1,0.0,0,1,,19.47318,-99.09522,1125.0,7.0,1125,1125.0,1125.0,7.0,7.0,7.0,0.0,0.0,0.0,4.76,4.72,4.54,4.82,4.84,4.52,4.72,3.42
14995,90.74641243277964,100.0,205.0,100.0,,1.0,25,175,55.0,85.0,1.0,2.0,35,0.0,18,17,,19.41074,-99.179596,1125.0,1.0,365,1125.0,1125.0,1.0,1.0,1.0,50.0,0.2,3.3,4.76,4.72,4.54,4.82,4.84,4.52,4.72,3.42
15015,90.74641243277964,100.0,204.0,100.0,,3.0,29,364,59.0,89.0,1.0,1.0,35,0.0,18,17,,19.41074,-99.179596,1125.0,1.0,365,1125.0,1125.0,1.0,1.0,1.0,57.0,1.0,3.3,4.75,4.58,4.47,4.47,4.81,4.65,4.65,0.8
15106,90.74641243277964,100.0,199.0,100.0,,1.0,11,300,41.0,71.0,1.0,1.0,3,0.0,1,2,,19.41315,-99.16271,365.0,1.0,365,61.4,1.0,1.0,1.0,1.0,10.0,0.0,10.0,4.8,4.9,4.8,4.9,4.9,4.6,4.9,0.83
15110,90.74641243277964,100.0,199.0,100.0,,1.0,29,319,59.0,89.0,1.0,1.0,3,0.0,1,2,,19.4127,-99.16393,365.0,1.0,365,63.3,1.0,1.0,1.0,1.0,3.0,0.0,2.0,2.0,2.67,2.33,2.67,3.0,2.0,2.0,0.24
15162,90.74641243277964,100.0,204.0,100.0,,4.0,29,179,59.0,89.0,1.0,1.0,35,0.0,18,17,,19.41074,-99.179596,1125.0,1.0,365,1125.0,1125.0,1.0,1.0,1.0,27.0,3.0,22.0,4.63,4.63,4.59,4.59,4.85,4.52,4.67,1.87
15207,88.12251212440705,94.0,250.0,95.0,,1.0,21,356,51.0,81.0,1.0,1.0,7,0.0,3,4,,19.44705,-99.20225,15.0,1.0,15,15.0,15.0,1.0,1.0,1.0,19.0,1.0,12.0,4.95,4.95,4.89,4.95,4.74,4.95,4.89,1.35
15294,90.74641243277964,100.0,205.0,100.0,,3.0,30,365,60.0,90.0,1.0,1.0,35,0.0,18,17,,19.41074,-99.179596,1125.0,1.0,365,1125.0,1125.0,1.0,1.0,1.0,24.0,0.0,19.0,4.83,4.79,4.5,4.67,4.96,4.42,4.58,1.74
15302,90.74641243277964,100.0,205.0,100.0,,3.0,19,354,49.0,79.0,1.0,1.0,35,0.0,18,17,,19.41074,-99.179596,1125.0,1.0,365,1125.0,1125.0,1.0,1.0,1.0,33.0,3.0,28.0,4.55,4.45,4.48,4.27,4.76,4.39,4.61,2.41
15674,73.4286703975205,70.0,584.7,67.0,,2.0,30,365,60.0,90.0,1.0,1.0,1,0.0,0,1,,19.4062,-99.14475,365.0,1.0,365,365.0,365.0,1.0,1.0,1.0,0.0,0.0,0.0,4.33,5.0,4.33,5.0,4.67,4.67,4.67,0.25
15675,73.4286703975205,70.0,350.0,67.0,,1.0,26,361,56.0,86.0,1.0,5.0,2,0.0,1,1,,19.409782,-99.082001,365.0,1.0,365,365.0,365.0,1.0,1.0,1.0,3.0,0.0,3.0,4.33,5.0,4.33,5.0,4.67,4.67,4.67,0.25
15743,90.22163237110513,97.0,400.0,99.0,,1.0,30,279,60.0,90.0,1.0,1.0,17,0.2,0,3,,19.35192,-99.19322,365.0,3.0,365,365.0,365.0,1.0,1.0,2.8,1.0,0.0,1.0,5.0,5.0,4.0,5.0,5.0,5.0,5.0,0.14
15748,90.22163237110513,97.0,400.0,99.0,,1.0,23,272,53.0,83.0,1.0,1.0,17,0.2,0,3,,19.35194,-99.19272,365.0,3.0,365,365.0,365.0,1.0,1.0,2.8,2.0,0.0,2.0,5.0,5.0,4.0,5.0,5.0,4.5,4.5,0.2
15752,90.22163237110513,97.0,400.0,99.0,,1.0,26,275,56.0,86.0,1.0,1.0,17,0.2,0,3,,19.35348,-99.1933,365.0,3.0,365,365.0,365.0,1.0,1.0,2.8,2.0,0.0,1.0,5.0,5.0,5.0,5.0,5.0,5.0,5.0,0.16
16123,79.72603113761474,80.0,204.0,79.0,,1.0,29,364,59.0,89.0,1.0,2.0,11,0.0,8,3,,19.38027,-99.18659,365.0,1.0,365,365.0,365.0,1.0,1.0,1.0,16.0,3.0,16.0,4.88,5.0,4.63,4.69,5.0,5.0,4.94,1.53
16127,88.64729218608156,100.0,657.0,96.0,,1.0,7,58,7.0,84.0,1.0,3.0,16,0.0,6,10,,19.41474,-99.15897,1125.0,1.0,1125,1125.0,1125.0,1.0,1.0,1.0,0.0,0.0,0.0,4.76,4.76,4.53,5.0,4.71,4.88,4.82,1.41
16184,88.12251212440705,94.0,253.0,95.0,,1.0,21,350,45.0,75.0,1.0,1.0,7,0.0,3,4,,19.44534,-99.20399,1125.0,1.0,15,1125.0,1125.0,1.0,1.0,1.0,17.0,1.0,17.0,4.76,4.76,4.53,5.0,4.71,4.88,4.82,1.41
16186,88.12251212440705,94.0,251.0,95.0,,1.0,21,356,51.0,81.0,1.0,1.0,7,0.0,3,4,,19.446308,-99.203026,1125.0,1.0,15,1125.0,1125.0,1.0,1.0,1.0,3.0,0.0,3.0,5.0,5.0,5.0,5.0,4.67,5.0,4.67,0.38
16193,88.12251212440705,94.0,250.0,95.0,,1.0,21,356,51.0,81.0,1.0,1.0,7,0.0,3,4,,19.446308,-99.203026,1125.0,1.0,15,1125.0,1125.0,1.0,1.0,1.0,2.0,0.0,2.0,5.0,5.0,5.0,5.0,5.0,4.5,5.0,0.17
16238,80.77559126096378,95.0,420.0,81.0,,2.0,30,365,60.0,90.0,1.0,1.0,5,1.0,3,1,,19.28972,-99.16602,365.0,1.0,365,365.0,365.0,1.0,1.0,1.0,15.0,1.0,15.0,4.33,4.53,4.27,4.53,4.87,4.27,4.27,1.26
16273,79.72603113761474,0.0,584.7,79.0,,1.0,30,365,60.0,90.0,1.0,1.0,1,0.0,0,1,,19.41562,-99.16602,365.0,30.0,365,365.0,365.0,30.0,30.0,30.0,0.0,0.0,0.0,5.0,4.78,5.0,4.89,4.89,4.89,5.0,1.17
16357,79.72603113761474,80.0,250.0,79.0,,1.0,2,303,55.8,29.0,1.0,1.0,11,0.0,8,3,,19.37972,-99.18828,365.0,2.0,365,365.0,365.0,2.0,2.0,2.0,0.0,0.0,0.0,5.0,4.78,5.0,4.89,4.89,4.89,5.0,1.17
16442,88.64729218608156,100.0,600.0,96.0,,1.0,28,273,56.0,86.0,1.0,4.0,16,0.0,6,10,,19.4162,-99.15866,1125.0,1.0,1125,1125.0,1125.0,1.0,1.0,1.0,0.0,0.0,0.0,5.0,4.78,5.0,4.89,4.89,4.89,5.0,1.17
16448,88.64729218608156,100.0,600.0,96.0,,1.0,20,267,50.0,80.0,1.0,4.0,16,0.0,6,10,,19.4148,-99.15896,365.0,1.0,365,365.0,365.0,1.0,1.0,1.0,9.0,0.0,9.0,5.0,4.78,5.0,4.89,4.89,4.89,5.0,1.17
16450,88.64729218608156,100.0,971.0,96.0,,1.0,6,57,6.0,84.0,1.0,4.0,16,0.0,6,10,,19.41475,-99.15893,1125.0,1.0,1125,1125.0,1125.0,1.0,1.0,1.0,0.0,0.0,0.0,4.83,4.87,4.7,4.91,4.91,4.74,4.87,2.21
16750,77.62691089091666,80.0,185.0,75.0,,1.0,27,349,57.0,87.0,1.0,1.0,4,0.0,2,2,,19.42613,-99.14969,365.0,1.0,365,43.5,1.0,1.0,1.0,1.0,23.0,0.2,23.0,4.83,4.87,4.7,4.91,4.91,4.74,4.87,2.21
16754,77.62691089091666,80.0,185.0,75.0,,1.0,29,350,59.0,89.0,1.0,1.0,4,0.0,2,2,,19.427097,-99.150787,365.0,1.0,365,41.1,1.0,1.0,1.0,1.0,54.0,0.2,3.3,4.59,4.72,4.54,4.81,4.87,4.57,4.7,0.8
17002,77.62691089091666,80.0,202.0,75.0,,3.0,30,365,60.0,90.0,1.0,1.0,2,0.0,1,1,,19.56018,-99.1412,13.0,1.0,13,13.0,13.0,1.0,1.0,1.0,0.0,0.0,0.0,5.0,5.0,5.0,5.0,5.0,5.0,5.0,0.11
17069,79.72603113761474,80.0,584.7,79.0,,2.0,27,87,57.0,87.0,1.0,1.0,1,0.0,0,1,,19.437611,-99.138817,365.0,1.0,365,365.0,365.0,1.0,1.0,1.0,0.0,0.0,0.0,5.0,5.0,5.0,5.0,5.0,5.0,5.0,0.11
17305,79.72603113761474,80.0,204.0,79.0,,1.0,0,302,55.8,27.0,1.0,2.0,11,0.0,8,3,,19.37923,-99.18746,365.0,1.0,365,365.0,365.0,1.0,1.0,1.0,1.0,0.0,1.0,5.0,5.0,5.0,5.0,5.0,5.0,5.0,0.11
17707,68.18086978077531,100.0,250.0,57.0,,1.0,0,333,28.0,58.0,1.0,1.0,2,1.0,0,1,,19.39802,-99.15563,365.0,1.0,365,365.0,365.0,1.0,1.0,1.0,2.0,0.0,2.0,4.5,4.5,5.0,4.5,4.5,5.0,4.5,0.25
17748,90.74641243277964,86.0,5000.0,100.0,,3.0,30,365,60.0,90.0,1.0,3.0,1,0.0,0,1,,19.5172969,-99.1269486,365.0,1.0,365,365.0,365.0,1.0,1.0,1.0,1.0,0.0,1.0,4.6,4.7,4.5,4.7,4.7,4.5,4.6,0.2
17790,75.52779064421858,86.0,202.0,71.0,,1.0,30,365,60.0,90.0,1.0,1.0,82,0.0,40,42,,19.46435,-99.14403,365.0,15.0,365,365.0,365.0,15.0,15.0,15.0,1.0,0.0,1.0,4.6,4.7,4.5,4.7,4.7,4.5,4.6,0.13
17849,90.74641243277964,100.0,350.0,100.0,,2.0,29,364,59.0,89.0,1.0,2.0,3,0.0,2,1,,19.3402965,-99.2,350.0,1.0,350,350.0,350.0,1.0,1.0,1.0,1.0,0.0,1.0,5.0,5.0,5.0,5.0,4.0,4.0,5.0,0.12
17924,90.74641243277964,98.0,746.0,100.0,,1.0,28,306,54.0,79.0,1.0,1.0,13,0.0,4,9,,19.41318,-99.17714,365.0,1.0,365,77.7,1.0,1.0,1.0,1.0,1.0,0.0,1.0,5.0,5.0,5.0,5.0,5.0,5.0,5.0,0.12
18072,90.74641243277964,98.0,844.0,100.0,,2.0,30,313,56.0,86.0,1.0,1.0,13,0.0,4,9,,19.41416,-99.17683,365.0,1.0,365,365.0,365.0,1.0,1.0,1.0,4.0,0.0,4.0,5.0,5.0,5.0,5.0,5.0,5.0,5.0,0.49
18086,90.74641243277964,98.0,756.0,100.0,,1.0,20,303,46.0,76.0,1.0,1.0,13,0.0,4,9,,19.41279,-99.17488,365.0,1.0,365,80.4,1.0,1.0,1.0,1.0,1.0,0.0,1.0,5.0,5.0,5.0,5.0,5.0,5.0,5.0,0.12
18088,90.74641243277964,98.0,854.0,100.0,,2.0,27,310,53.0,83.0,1.0,1.0,13,0.0,4,9,,19.41419,-99.17703,365.0,1.0,365,365.0,365.0,1.0,1.0,1.0,2.0,0.0,2.0,5.0,5.0,5.0,5.0,5.0,5.0,5.0,0.25
18115,90.74641243277964,98.0,746.0,100.0,,1.0,20,291,41.0,64.0,1.0,1.0,13,0.0,4,9,,19.4147,-99.17571,365.0,1.0,365,90.0,1.0,1.0,1.0,1.0,0.0,0.0,0.0,5.0,5.0,5.0,4.75,5.0,5.0,4.75,0.49
18119,90.74641243277964,98.0,844.0,100.0,,2.0,28,315,58.0,88.0,1.0,1.0,13,0.0,4,9,,19.41475,-99.17555,365.0,1.0,365,365.0,365.0,1.0,1.0,1.0,4.0,0.0,4.0,5.0,5.0,5.0,4.75,5.0,5.0,4.75,0.49
18125,90.74641243277964,98.0,844.0,100.0,,2.0,29,312,55.0,85.0,1.0,1.0,13,0.0,4,9,,19.4144,-99.17678,365.0,1.0,365,365.0,365.0,1.0,1.0,1.0,7.0,2.0,7.0,5.0,5.0,5.0,5.0,5.0,5.0,4.86,0.86
18126,90.74641243277964,98.0,746.0,100.0,,1.0,27,310,53.0,83.0,1.0,1.0,13,0.0,4,9,,19.41244,-99.17523,365.0,1.0,365,74.4,1.0,1.0,1.0,1.0,6.0,0.0,6.0,5.0,5.0,5.0,5.0,5.0,4.83,4.83,0.74
18131,90.74641243277964,98.0,844.0,100.0,,2.0,30,313,56.0,86.0,1.0,1.0,13,0.0,4,9,,19.41439,-99.17549,365.0,1.0,365,365.0,365.0,1.0,1.0,1.0,4.0,0.0,4.0,5.0,5.0,5.0,5.0,5.0,5.0,4.75,0.49
18272,90.74641243277964,100.0,716.0,100.0,,4.0,0,301,55.8,26.0,1.0,4.0,1,0.0,0,1,,19.34528,-99.1247,365.0,1.0,365,365.0,365.0,1.0,1.0,1.0,0.0,0.0,0.0,4.57,4.71,4.93,4.79,4.93,4.57,4.5,1.95
18446,90.74641243277964,100.0,297.0,100.0,,2.2,26,89,56.0,86.0,1.0,10.0,1,0.0,0,1,,19.42417,-99.16057,365.0,1.0,365,365.0,365.0,1.0,1.0,1.0,14.0,3.0,14.0,4.57,4.71,4.93,4.79,4.93,4.57,4.5,1.95
18732,90.74641243277964,100.0,1000.0,100.0,,4.0,30,90,60.0,90.0,1.0,2.0,1,0.0,0,1,,19.42606,-99.1597,1125.0,1.0,180,1125.0,1125.0,1.0,1.0,1.0,0.0,0.0,0.0,4.38,4.62,4.46,4.38,4.77,4.46,4.38,1.8
18829,90.74641243277964,100.0,188.0,100.0,,6.0,30,365,60.0,90.0,1.0,1.0,35,0.0,18,17,,19.40549,-99.17547,1125.0,1.0,365,1125.0,1125.0,1.0,1.0,1.0,13.0,1.0,13.0,4.38,4.62,4.46,4.38,4.77,4.46,4.38,1.8
18831,90.74641243277964,100.0,188.0,100.0,,3.0,28,363,58.0,88.0,1.0,1.0,35,0.0,18,17,,19.4041,-99.17382,1125.0,1.0,365,1125.0,1125.0,1.0,1.0,1.0,12.0,0.0,12.0,4.83,4.92,4.83,5.0,5.0,4.75,4.75,1.74
18833,90.74641243277964,100.0,193.0,100.0,,4.0,30,365,60.0,90.0,1.0,1.0,35,0.0,18,17,,19.40427,-99.17411,1125.0,1.0,365,1125.0,1125.0,1.0,1.0,1.0,11.0,0.0,11.0,4.73,4.91,4.73,4.91,5.0,4.64,5.0,1.64
18854,90.74641243277964,100.0,188.0,100.0,,3.0,28,363,58.0,88.0,1.0,1.0,35,0.0,18,17,,19.40401,-99.17576,1125.0,1.0,365,1125.0,1125.0,1.0,1.0,1.0,5.0,2.0,5.0,4.2,4.8,4.8,4.4,5.0,4.6,4.6,0.82
18962,89.6968523094306,100.0,322.0,98.0,,1.0,30,365,60.0,90.0,1.0,1.0,5,0.0,0,5,,19.4306364,-99.1386755,1125.0,1.0,365,1125.0,1125.0,1.0,1.0,1.0,0.0,0.0,0.0,5.0,5.0,5.0,5.0,5.0,5.0,5.0,0.48
18973,89.6968523094306,100.0,322.0,98.0,,1.0,30,365,60.0,90.0,1.0,1.0,5,0.0,0,5,,19.4306364,-99.1386755,1125.0,1.0,365,1125.0,1125.0,1.0,1.0,1.0,1.0,0.0,1.0,5.0,5.0,5.0,5.0,5.0,5.0,5.0,0.48
19105,90.74641243277964,100.0,199.0,100.0,,3.0,30,365,60.0,90.0,1.0,1.0,35,0.0,18,17,,19.41165,-99.18029,1125.0,1.0,365,1125.0,1125.0,1.0,1.0,1.0,19.0,0.0,19.0,4.89,4.84,4.68,4.84,5.0,4.79,4.84,2.89
19112,90.74641243277964,100.0,190.0,100.0,,3.0,30,365,60.0,90.0,1.0,1.0,35,0.0,18,17,,19.40644,-99.17504,1125.0,1.0,365,1125.0,1125.0,1.0,1.0,1.0,12.0,0.0,12.0,4.42,4.67,4.5,4.5,4.42,4.42,4.5,1.86
19183,89.6968523094306,100.0,322.0,98.0,,1.0,27,361,56.0,86.0,1.0,1.0,5,0.0,0,5,,19.4306364,-99.1386755,1125.0,1.0,365,1125.0,1125.0,1.0,1.0,1.0,5.0,1.0,5.0,5.0,5.0,5.0,5.0,5.0,5.0,5.0,2.34
19303,89.6968523094306,100.0,322.0,98.0,,1.0,21,353,51.0,81.0,1.0,1.0,5,0.0,0,5,,19.4306364,-99.1386755,1125.0,1.0,365,1125.0,1125.0,1.0,1.0,1.0,24.0,0.2,24.0,4.96,4.92,4.96,5.0,4.96,5.0,5.0,0.8
19336,89.17207224775609,100.0,550.0,97.0,,1.0,30,365,60.0,90.0,1.0,1.0,2,0.0,1,1,,19.40054,-99.11609,1125.0,2.0,120,1125.0,1125.0,2.0,2.0,2.0,0.0,0.0,0.0,4.75,4.94,4.88,4.88,4.94,4.75,4.75,2.83
19338,89.6968523094306,100.0,322.0,98.0,,1.0,0,0,55.8,84.0,1.0,1.0,5,0.0,0,5,,19.4306364,-99.1386755,1125.0,1.0,365,1125.0,1125.0,1.0,1.0,1.0,17.0,0.2,17.0,4.75,4.94,4.88,4.88,4.94,4.75,4.75,2.83
19342,90.74641243277964,67.0,350.0,100.0,,2.0,30,365,60.0,90.0,1.0,1.0,1,0.0,0,1,,19.4711614,-99.0866765,1125.0,1.0,1125,1125.0,1125.0,1.0,1.0,1.0,0.0,0.0,0.0,5.0,5.0,5.0,5.0,4.67,5.0,5.0,1.09
19605,75.52779064421858,86.0,400.0,71.0,,1.0,9,344,39.0,69.0,1.0,1.0,82,0.0,40,42,,19.48784,-99.13681,365.0,28.0,365,365.0,365.0,28.0,28.0,28.0,0.0,0.0,0.0,5.0,5.0,5.0,5.0,4.67,5.0,5.0,1.09
19795,86.5481719393835,100.0,350.0,92.0,,2.0,25,360,55.0,85.0,1.0,1.0,1,0.0,0,1,,19.45533,-99.15252,1125.0,2.0,30,1125.0,1125.0,2.0,2.0,2.0,6.0,1.0,6.0,5.0,5.0,5.0,5.0,4.67,5.0,5.0,1.09
20021,90.74641243277964,90.0,999.0,100.0,,2.0,0,148,28.0,58.0,1.0,1.0,1,0.0,0,1,,19.427793254895164,-99.17123906314372,1125.0,1.0,1125,1125.0,1125.0,1.0,1.0,1.0,8.0,0.0,8.0,4.88,5.0,5.0,5.0,5.0,5.0,5.0,1.56
20251,80.25081119928926,100.0,600.0,80.0,,1.0,30,365,60.0,90.0,1.0,2.0,3,0.0,2,1,,19.43058,-99.10013,365.0,1.0,365,365.0,365.0,1.0,1.0,1.0,0.0,0.0,0.0,3.0,5.0,2.0,5.0,5.0,3.0,3.0,0.23
20321,90.74641243277964,90.0,928.0,100.0,,1.0,30,365,60.0,90.0,1.0,1.0,1,0.0,0,1,,19.42237067853564,-99.15681639629516,30.0,1.0,30,30.0,30.0,1.0,1.0,1.0,0.0,0.0,0.0,3.0,5.0,2.0,5.0,5.0,3.0,3.0,0.23
20334,90.74641243277964,90.0,280.0,100.0,,1.0,30,365,60.0,90.0,1.0,1.0,1,0.0,0,1,,19.4495,-99.18169,365.0,1.0,365,365.0,365.0,1.0,1.0,1.0,0.0,0.0,0.0,3.0,5.0,2.0,5.0,5.0,3.0,3.0,0.23
20519,74.47823052086954,60.0,800.0,69.0,,1.0,30,365,60.0,90.0,1.0,1.0,6,0.0,2,4,,19.4369996,-99.1848654,365.0,1.0,365,365.0,365.0,1.0,1.0,1.0,0.0,0.0,0.0,3.0,5.0,2.0,5.0,5.0,3.0,3.0,0.23
20520,74.47823052086954,60.0,750.0,69.0,,1.0,30,365,60.0,90.0,1.0,1.0,6,0.0,2,4,,19.4369996,-99.1848654,365.0,1.0,365,365.0,365.0,1.0,1.0,1.0,1.0,0.0,1.0,3.0,5.0,2.0,5.0,5.0,3.0,3.0,0.23
21069,90.74641243277964,100.0,200.0,100.0,,1.0,30,365,60.0,90.0,1.0,1.0,12,1.0,3,8,,19.4289648,-99.1270891,365.0,1.0,365,365.0,365.0,1.0,1.0,1.0,2.0,2.0,2.0,5.0,5.0,5.0,5.0,4.5,5.0,5.0,2.0
21189,38.268406265327705,0.0,904.0,0.0,,2.0,30,365,60.0,90.0,1.0,1.0,1,0.0,0,1,,19.38698,-99.17239,365.0,1.0,365,365.0,365.0,1.0,1.0,1.0,0.0,0.0,0.0,5.0,4.86,5.0,4.86,3.71,4.86,5.0,2.88
21303,38.268406265327705,0.0,1216.0,0.0,,4.0,30,365,60.0,90.0,1.0,2.0,1,0.0,0,1,,19.38714,-99.17239,1125.0,2.0,365,1125.0,1125.0,2.0,2.0,2.0,0.0,0.0,0.0,5.0,4.86,5.0,4.86,3.71,4.86,5.0,2.88
21345,90.74641243277964,100.0,300.0,100.0,,1.0,30,365,60.0,90.0,1.0,1.0,12,1.0,3,8,,19.4289648,-99.1270891,365.0,1.0,365,365.0,365.0,1.0,1.0,1.0,7.0,3.0,7.0,5.0,4.86,5.0,4.86,3.71,4.86,5.0,2.88
21417,90.74641243277964,100.0,250.0,100.0,,1.0,30,365,60.0,90.0,1.0,1.0,12,1.0,3,8,,19.4289648,-99.1270891,365.0,1.0,365,365.0,365.0,1.0,1.0,1.0,3.0,0.0,3.0,5.0,5.0,5.0,5.0,4.67,5.0,5.0,1.34
21893,90.74641243277964,100.0,250.0,100.0,,1.0,30,361,60.0,90.0,1.0,1.0,12,1.0,3,8,,19.429193203435847,-99.12593228005406,365.0,1.0,365,365.0,365.0,1.0,1.0,1.0,6.0,0.0,6.0,4.67,4.67,5.0,5.0,3.83,4.5,4.83,2.43
21950,90.74641243277964,100.0,349.0,100.0,,1.0,30,365,60.0,90.0,1.0,1.0,3,0.0,2,1,,19.380259737269984,-99.15199992618555,1125.0,3.0,1125,1125.0,1125.0,3.0,3.0,3.0,0.0,0.0,0.0,4.88,4.75,5.0,4.88,4.38,4.75,4.5,3.2
21974,90.74641243277964,100.0,200.0,100.0,,1.0,28,361,58.0,86.0,1.0,1.0,12,1.0,3,8,,19.42814109778468,-99.12642074147796,365.0,1.0,365,365.0,365.0,1.0,1.0,1.0,8.0,0.2,8.0,4.88,4.75,5.0,4.88,4.38,4.75,4.5,3.2
22196,90.74641243277964,100.0,300.0,100.0,,1.0,30,365,60.0,90.0,1.0,1.0,12,1.0,3,8,,19.42813629783521,-99.12816043803818,365.0,1.0,365,365.0,365.0,1.0,1.0,1.0,2.0,1.0,2.0,5.0,5.0,5.0,5.0,5.0,5.0,5.0,1.25
22197,90.74641243277964,100.0,230.0,100.0,,1.0,27,362,57.0,87.0,1.0,1.0,12,1.0,3,8,,19.42978637808972,-99.12821244784378,365.0,1.0,365,365.0,365.0,1.0,1.0,1.0,2.0,0.0,2.0,5.0,4.0,5.0,5.0,4.0,5.0,5.0,0.98
22437,79.20125107594022,90.0,640.0,78.0,,5.0,30,364,60.0,90.0,1.0,3.0,2,0.0,0,2,,19.44637156987848,-99.14015703020212,365.0,1.0,365,365.0,365.0,1.0,1.0,1.0,0.0,0.0,0.0,5.0,5.0,5.0,5.0,5.0,5.0,5.0,2.14
22578,79.20125107594022,90.0,1100.0,78.0,,2.0,28,360,58.0,88.0,1.0,1.0,1,0.0,0,1,,19.39225079103661,-99.08352202726802,365.0,2.0,365,365.0,365.0,2.0,2.0,2.0,0.0,0.0,0.0,5.0,5.0,5.0,5.0,5.0,5.0,5.0,2.14
22855,90.74641243277964,100.0,200.0,100.0,,6.0,30,365,60.0,90.0,1.0,1.0,35,0.0,18,17,,19.41352902715815,-99.17561628719902,1125.0,1.0,365,1125.0,1125.0,1.0,1.0,1.0,3.0,2.0,3.0,5.0,5.0,5.0,5.0,5.0,5.0,5.0,2.14
22857,90.74641243277964,100.0,187.0,100.0,,5.0,30,180,60.0,90.0,1.0,1.0,35,0.0,18,17,,19.411537018326275,-99.17478761170575,1125.0,1.0,365,1125.0,1125.0,1.0,1.0,1.0,0.0,0.0,0.0,4.0,4.0,4.0,3.0,5.0,3.0,3.5,1.87
22858,90.74641243277964,100.0,186.0,100.0,,4.0,22,357,52.0,82.0,1.0,1.0,35,0.0,18,17,,19.41363258108415,-99.17418976142656,1125.0,1.0,365,1125.0,1125.0,1.0,1.0,1.0,2.0,1.0,2.0,4.0,4.0,4.0,3.0,5.0,3.0,3.5,1.87
22859,90.74641243277964,100.0,200.0,100.0,,3.0,30,365,60.0,90.0,1.0,1.0,35,0.0,18,17,,19.41356652737231,-99.17641235303626,365.0,1.0,365,365.0,365.0,1.0,1.0,1.0,0.0,0.0,0.0,2.0,3.0,3.0,2.0,3.0,3.0,3.0,0.86
22865,90.74641243277964,100.0,186.0,100.0,,2.0,24,359,54.0,84.0,1.0,1.0,35,0.0,18,17,,19.411718743091697,-99.17612807406545,1125.0,1.0,365,1125.0,1125.0,1.0,1.0,1.0,1.0,0.0,1.0,2.0,3.0,3.0,2.0,3.0,3.0,3.0,0.86
22871,90.74641243277964,100.0,186.0,100.0,,1.0,30,180,60.0,90.0,1.0,1.0,35,0.0,18,17,,19.413629052078463,-99.17601889003308,1125.0,1.0,365,1125.0,1125.0,1.0,1.0,1.0,1.0,1.0,1.0,5.0,5.0,5.0,5.0,5.0,5.0,5.0,1.0
23067,90.74641243277964,100.0,200.0,100.0,,2.0,0,335,30.0,60.0,1.0,1.0,1,0.0,0,1,,19.4539689,-99.1938423,30.0,1.0,30,30.0,30.0,1.0,1.0,1.0,0.0,0.0,0.0,5.0,5.0,4.0,5.0,4.0,4.0,5.0,1.0
23189,64.50740934905367,25.0,521.0,50.0,,4.0,30,365,60.0,90.0,1.0,2.0,1,0.0,0,1,,19.43098828888163,-99.09659821540116,365.0,2.0,365,365.0,365.0,2.0,2.0,2.0,1.0,1.0,1.0,5.0,5.0,4.0,5.0,4.0,4.0,5.0,1.0
23211,88.12251212440705,100.0,226.0,95.0,,2.0,30,365,60.0,90.0,1.0,2.0,6,0.0,4,2,,19.338688899458592,-99.146147343427,1125.0,1.0,1125,1125.0,1125.0,1.0,1.0,1.0,3.0,2.0,3.0,4.67,5.0,5.0,5.0,5.0,5.0,5.0,2.81
23524,90.74641243277964,100.0,200.0,100.0,,6.0,30,365,60.0,90.0,1.0,6.0,2,0.0,1,1,,19.27587096496613,-99.158725887537,1125.0,1.0,1125,1125.0,1125.0,1.0,1.0,1.0,0.0,0.0,0.0,3.67,4.33,4.67,3.67,4.67,4.0,3.67,3.0
23575,75.52779064421858,100.0,404.0,71.0,,2.0,5,330,25.0,55.0,1.0,1.0,2,0.0,1,1,,19.409325436571187,-99.17408757321664,365.0,1.0,365,365.0,365.0,1.0,1.0,1.0,3.0,3.0,3.0,3.67,4.33,4.67,3.67,4.67,4.0,3.67,3.0
23626,73.4286703975205,100.0,272.0,67.0,,2.2,30,365,60.0,90.0,1.0,2.0,1,0.0,0,1,,19.42974099303099,-99.13259058465574,1125.0,1.0,1125,1125.0,1125.0,1.0,1.0,1.0,0.0,0.0,0.0,3.67,4.33,4.67,3.67,4.67,4.0,3.67,3.0
23733,90.74641243277964,100.0,250.0,100.0,,1.0,30,365,60.0,90.0,1.0,1.0,12,1.0,3,8,,19.42849192937823,-99.12620267101504,365.0,1.0,365,365.0,365.0,1.0,1.0,1.0,0.0,0.0,0.0,3.67,4.33,4.67,3.67,4.67,4.0,3.67,3.0
23762,90.74641243277964,100.0,224.0,100.0,,1.0,29,364,59.0,89.0,1.0,1.0,1,0.0,0,1,,19.37747,-99.16943,365.0,1.0,365,365.0,365.0,1.0,1.0,1.0,0.0,0.0,0.0,3.67,4.33,4.67,3.67,4.67,4.0,3.67,3.0
23894,88.12251212440705,100.0,720.0,95.0,,5.0,30,364,60.0,90.0,1.0,3.0,2,0.0,0,2,,19.44573,-99.13972,365.0,2.0,365,365.0,365.0,2.0,2.0,2.0,0.0,0.0,0.0,3.67,4.33,4.67,3.67,4.67,4.0,3.67,3.0
23898,88.12251212440705,100.0,176.0,95.0,,3.0,30,364,60.0,90.0,1.0,4.0,1,0.0,0,1,,19.3334378,-99.1544806,365.0,1.0,365,365.0,365.0,1.0,1.0,1.0,0.0,0.0,0.0,3.67,4.33,4.67,3.67,4.67,4.0,3.67,3.0
24173,88.12251212440705,100.0,236.0,95.0,,2.0,30,365,60.0,90.0,1.0,2.0,6,0.0,4,2,,19.3370867648434,-99.14516262782789,1125.0,2.0,365,1125.0,1125.0,2.0,2.0,2.0,0.0,0.0,0.0,3.67,4.33,4.67,3.67,4.67,4.0,3.67,3.0
